09-25 19:32:05.756 [MA] build=v10(watchdog+keepalive) pitchSignSend=-1.0 yawSignSend=-1.0 | yawDisplay=deep-map yawSend=1:1-rate
09-25 19:33:08.459 [MA] startHeadTrack mac=90:62:3F:88:B5:76
09-25 19:33:08.491 [KEEP] service started v14 (wakelock+alarm+adj)
09-25 19:33:08.519 [KEEP] oom_adj now=-800
09-25 19:33:08.549 [HTC] vtracker3 已在运行（复用旧进程，指纹 bt:90623F88B576）
09-25 19:33:08.553 [HTC] TCP 桥已连接（127.0.0.1:53987）
09-25 19:33:08.553 [HTC] AACP session attempt 1/3
09-25 19:33:08.556 [AacpHeadTracker] runSession mac=90:62:3F:88:B5:76 sdk=36
09-25 19:33:08.560 [AacpHeadTracker] state: 构造 L2CAP 通道…
09-25 19:33:08.561 [HTC] 构造 L2CAP 通道…
09-25 19:33:08.564 [AacpHeadTracker] state: 连接 AACP（PSM 4097）…
09-25 19:33:08.564 [HTC] 连接 AACP（PSM 4097）…
09-25 19:33:08.564 [AacpHeadTracker] socket connectionType=3
09-25 19:33:08.598 [KEEP] silent keeper started
09-25 19:33:08.622 [AacpHeadTracker] connect() OK, 耗时 57ms
09-25 19:33:08.627 [AacpHeadTracker] state: AACP 已连接，发送初始化序列…
09-25 19:33:08.627 [HTC] AACP 已连接，发送初始化序列…
09-25 19:33:08.674 [KEEP] guard start pid=28803
09-25 19:33:09.030 [AacpHeadTracker] state: 已发送 Start Head Tracking（alternate，20ms），等待数据…
09-25 19:33:09.030 [HTC] 已发送 Start Head Tracking（alternate，20ms），等待数据…
09-25 19:33:14.336 [AacpHeadTracker] state: 校准完成（中性位 o1=-22329 o2=9332 o3=11166）
09-25 19:33:14.336 [HTC] 校准完成（中性位 o1=-22329 o2=9332 o3=11166）
09-25 19:33:14.950 [DATA] o2=3524 o3=5557 | o2n=-308 o3n=-109 | pitch=-1.2 yaw=-0.6
09-25 19:33:14.951 [POSE] raw p=-1.2 y=-0.6 | lim p=-1.4 y=-0.6 | send p=+1.4 y=+0.6
09-25 19:33:15.557 [DATA] o2=6150 o3=4541 | o2n=+2318 o3n=-1125 | pitch=+3.4 yaw=+9.7
09-25 19:33:15.558 [POSE] raw p=+3.4 y=+9.7 | lim p=+6.9 y=+9.7 | send p=-6.9 y=-9.7
09-25 19:33:16.187 [DATA] o2=5560 o3=5439 | o2n=+1728 o3n=-227 | pitch=+4.2 yaw=+5.5
09-25 19:33:16.187 [POSE] raw p=+4.2 y=+5.5 | lim p=+6.9 y=+5.5 | send p=-6.9 y=-5.5
09-25 19:33:16.824 [DATA] o2=4389 o3=6030 | o2n=+557 o3n=+364 | pitch=+2.6 yaw=+0.5
09-25 19:33:16.825 [POSE] raw p=+2.6 y=+0.5 | lim p=+3.5 y=+0.5 | send p=-3.5 y=-0.5
09-25 19:33:17.439 [DATA] o2=3082 o3=6733 | o2n=-750 o3n=+1067 | pitch=+0.9 yaw=-5.1
09-25 19:33:17.441 [POSE] raw p=+0.9 y=-5.1 | lim p=+2.5 y=-5.1 | send p=-2.5 y=+5.1
09-25 19:33:18.040 [DATA] o2=3007 o3=6592 | o2n=-825 o3n=+926 | pitch=+0.3 yaw=-4.9
09-25 19:33:18.041 [POSE] raw p=+0.3 y=-4.9 | lim p=+1.6 y=-4.9 | send p=-1.6 y=+4.9
09-25 19:33:18.644 [DATA] o2=2870 o3=6423 | o2n=-962 o3n=+757 | pitch=-0.6 yaw=-4.8
09-25 19:33:18.645 [POSE] raw p=-0.6 y=-4.8 | lim p=+0.5 y=-4.8 | send p=-0.5 y=+4.8
09-25 19:33:19.271 [DATA] o2=2666 o3=6267 | o2n=-1166 o3n=+601 | pitch=-1.6 yaw=-5.0
09-25 19:33:19.272 [POSE] raw p=-1.6 y=-5.0 | lim p=-0.8 y=-5.0 | send p=+0.8 y=+5.0
09-25 19:33:19.886 [DATA] o2=1356 o3=6105 | o2n=-2476 o3n=+439 | pitch=-5.7 yaw=-8.2
09-25 19:33:19.886 [POSE] raw p=-5.7 y=-8.2 | lim p=-5.3 y=-8.2 | send p=+5.3 y=+8.2
09-25 19:33:20.512 [DATA] o2=-3543 o3=4552 | o2n=-7375 o3n=-1114 | pitch=-23.9 yaw=-17.6
09-25 19:33:20.515 [POSE] raw p=-23.9 y=-17.6 | lim p=-26.5 y=-17.6 | send p=+26.5 y=+17.6
09-25 19:33:21.116 [DATA] o2=-6266 o3=2859 | o2n=-10098 o3n=-2807 | pitch=-36.3 yaw=-20.5
09-25 19:33:21.117 [POSE] raw p=-36.3 y=-20.5 | lim p=-41.9 y=-20.5 | send p=+41.9 y=+20.5
09-25 19:33:21.744 [DATA] o2=-7093 o3=1847 | o2n=-10925 o3n=-3819 | pitch=-41.5 yaw=-20.0
09-25 19:33:21.745 [POSE] raw p=-41.5 y=-20.0 | lim p=-48.7 y=-20.0 | send p=+48.7 y=+20.0
09-25 19:33:22.338 [DATA] o2=-7390 o3=1483 | o2n=-11222 o3n=-4183 | pitch=-43.3 yaw=-19.8
09-25 19:33:22.338 [POSE] raw p=-43.3 y=-19.8 | lim p=-51.2 y=-19.8 | send p=+51.2 y=+19.8
09-25 19:33:22.965 [DATA] o2=-7229 o3=1597 | o2n=-11061 o3n=-4069 | pitch=-42.6 yaw=-19.7
09-25 19:33:22.966 [POSE] raw p=-42.6 y=-19.7 | lim p=-50.2 y=-19.7 | send p=+50.2 y=+19.7
09-25 19:33:23.599 [DATA] o2=-7399 o3=1441 | o2n=-11231 o3n=-4225 | pitch=-43.5 yaw=-19.7
09-25 19:33:23.600 [POSE] raw p=-43.5 y=-19.7 | lim p=-51.4 y=-19.7 | send p=+51.4 y=+19.7
09-25 19:33:24.204 [DATA] o2=-7576 o3=1372 | o2n=-11408 o3n=-4294 | pitch=-44.2 yaw=-20.0
09-25 19:33:24.205 [POSE] raw p=-44.2 y=-20.0 | lim p=-52.2 y=-20.0 | send p=+52.2 y=+20.0
09-25 19:33:24.830 [DATA] o2=-7819 o3=1434 | o2n=-11651 o3n=-4232 | pitch=-44.7 yaw=-20.9
09-25 19:33:24.831 [POSE] raw p=-44.7 y=-20.9 | lim p=-52.6 y=-20.9 | send p=+52.6 y=+20.9
09-25 19:33:25.424 [DATA] o2=-7867 o3=1465 | o2n=-11699 o3n=-4201 | pitch=-44.7 yaw=-21.1
09-25 19:33:25.425 [POSE] raw p=-44.7 y=-21.1 | lim p=-52.7 y=-21.1 | send p=+52.7 y=+21.1
09-25 19:33:26.062 [DATA] o2=-7826 o3=1474 | o2n=-11658 o3n=-4192 | pitch=-44.6 yaw=-21.0
09-25 19:33:26.062 [POSE] raw p=-44.6 y=-21.0 | lim p=-52.5 y=-21.0 | send p=+52.5 y=+21.0
09-25 19:33:26.670 [DATA] o2=-7812 o3=1367 | o2n=-11644 o3n=-4299 | pitch=-44.8 yaw=-20.7
09-25 19:33:26.672 [POSE] raw p=-44.8 y=-20.7 | lim p=-52.9 y=-20.7 | send p=+52.9 y=+20.7
09-25 19:33:27.294 [DATA] o2=-7867 o3=1349 | o2n=-11699 o3n=-4317 | pitch=-45.0 yaw=-20.8
09-25 19:33:27.294 [POSE] raw p=-45.0 y=-20.8 | lim p=-53.2 y=-20.8 | send p=+53.2 y=+20.8
09-25 19:33:27.897 [DATA] o2=-7824 o3=1264 | o2n=-11656 o3n=-4402 | pitch=-45.2 yaw=-20.4
09-25 19:33:27.898 [POSE] raw p=-45.2 y=-20.4 | lim p=-53.4 y=-20.4 | send p=+53.4 y=+20.4
09-25 19:33:28.512 [DATA] o2=-7705 o3=1492 | o2n=-11537 o3n=-4174 | pitch=-44.2 yaw=-20.7
09-25 19:33:28.513 [POSE] raw p=-44.2 y=-20.7 | lim p=-52.1 y=-20.7 | send p=+52.1 y=+20.7
09-25 19:33:29.118 [DATA] o2=-7710 o3=1389 | o2n=-11542 o3n=-4277 | pitch=-44.5 yaw=-20.4
09-25 19:33:29.118 [POSE] raw p=-44.5 y=-20.4 | lim p=-52.5 y=-20.4 | send p=+52.5 y=+20.4
09-25 19:33:29.753 [DATA] o2=-7849 o3=1357 | o2n=-11681 o3n=-4309 | pitch=-45.0 yaw=-20.7
09-25 19:33:29.754 [POSE] raw p=-45.0 y=-20.7 | lim p=-53.1 y=-20.7 | send p=+53.1 y=+20.7
09-25 19:33:30.358 [DATA] o2=-7943 o3=1267 | o2n=-11775 o3n=-4399 | pitch=-45.5 yaw=-20.7
09-25 19:33:30.359 [POSE] raw p=-45.5 y=-20.7 | lim p=-53.7 y=-20.7 | send p=+53.7 y=+20.7
09-25 19:33:30.985 [DATA] o2=-7865 o3=1200 | o2n=-11697 o3n=-4466 | pitch=-45.5 yaw=-20.3
09-25 19:33:30.986 [POSE] raw p=-45.5 y=-20.3 | lim p=-53.8 y=-20.3 | send p=+53.8 y=+20.3
09-25 19:33:31.592 [DATA] o2=-7946 o3=1141 | o2n=-11778 o3n=-4525 | pitch=-45.9 yaw=-20.4
09-25 19:33:31.595 [POSE] raw p=-45.9 y=-20.4 | lim p=-54.3 y=-20.4 | send p=+54.3 y=+20.4
09-25 19:33:32.205 [DATA] o2=-8036 o3=1243 | o2n=-11868 o3n=-4423 | pitch=-45.8 yaw=-20.9
09-25 19:33:32.209 [POSE] raw p=-45.8 y=-20.9 | lim p=-54.1 y=-20.9 | send p=+54.1 y=+20.9
09-25 19:33:32.835 [DATA] o2=-8136 o3=1061 | o2n=-11968 o3n=-4605 | pitch=-46.6 yaw=-20.7
09-25 19:33:32.835 [POSE] raw p=-46.6 y=-20.7 | lim p=-55.2 y=-20.7 | send p=+55.2 y=+20.7
09-25 19:33:33.463 [DATA] o2=-8342 o3=1082 | o2n=-12174 o3n=-4584 | pitch=-47.1 yaw=-21.3
09-25 19:33:33.465 [POSE] raw p=-47.1 y=-21.3 | lim p=-55.7 y=-21.3 | send p=+55.7 y=+21.3
09-25 19:33:34.050 [DATA] o2=-8270 o3=866 | o2n=-12102 o3n=-4800 | pitch=-47.5 yaw=-20.5
09-25 19:33:34.051 [POSE] raw p=-47.5 y=-20.5 | lim p=-56.5 y=-20.5 | send p=+56.5 y=+20.5
09-25 19:33:34.683 [DATA] o2=-8384 o3=766 | o2n=-12216 o3n=-4900 | pitch=-48.1 yaw=-20.6
09-25 19:33:34.685 [POSE] raw p=-48.1 y=-20.6 | lim p=-57.2 y=-20.6 | send p=+57.2 y=+20.6
09-25 19:33:35.303 [DATA] o2=-8373 o3=476 | o2n=-12205 o3n=-5190 | pitch=-48.9 yaw=-19.7
09-25 19:33:35.304 [POSE] raw p=-48.9 y=-19.7 | lim p=-58.5 y=-19.7 | send p=+58.5 y=+19.7
09-25 19:33:35.907 [DATA] o2=-8336 o3=440 | o2n=-12168 o3n=-5226 | pitch=-48.9 yaw=-19.5
09-25 19:33:35.907 [POSE] raw p=-48.9 y=-19.5 | lim p=-58.5 y=-19.5 | send p=+58.5 y=+19.5
09-25 19:33:36.533 [DATA] o2=-8507 o3=258 | o2n=-12339 o3n=-5408 | pitch=-49.9 yaw=-19.5
09-25 19:33:36.534 [POSE] raw p=-49.9 y=-19.5 | lim p=-59.8 y=-19.5 | send p=+59.8 y=+19.5
09-25 19:33:37.137 [DATA] o2=-9191 o3=-1264 | o2n=-13023 o3n=-6930 | pitch=-56.1 yaw=-17.1
09-25 19:33:37.138 [POSE] raw p=-56.1 y=-17.1 | lim p=-68.5 y=-17.1 | send p=+68.5 y=+17.1
09-25 19:33:37.755 [DATA] o2=-8665 o3=-1550 | o2n=-12497 o3n=-7216 | pitch=-55.4 yaw=-14.9
09-25 19:33:37.756 [POSE] raw p=-55.4 y=-14.9 | lim p=-68.2 y=-14.9 | send p=+68.2 y=+14.9
09-25 19:33:38.370 [DATA] o2=-8397 o3=-474 | o2n=-12229 o3n=-6140 | pitch=-51.7 yaw=-17.1
09-25 19:33:38.370 [POSE] raw p=-51.7 y=-17.1 | lim p=-62.7 y=-17.1 | send p=+62.7 y=+17.1
09-25 19:33:38.996 [DATA] o2=-7751 o3=278 | o2n=-11583 o3n=-5388 | pitch=-47.7 yaw=-17.4
09-25 19:33:38.997 [POSE] raw p=-47.7 y=-17.4 | lim p=-57.5 y=-17.4 | send p=+57.5 y=+17.4
09-25 19:33:39.625 [DATA] o2=-8473 o3=-325 | o2n=-12305 o3n=-5991 | pitch=-51.5 yaw=-17.8
09-25 19:33:39.626 [POSE] raw p=-51.5 y=-17.8 | lim p=-62.3 y=-17.8 | send p=+62.3 y=+17.8
09-25 19:33:40.226 [DATA] o2=-8762 o3=-428 | o2n=-12594 o3n=-6094 | pitch=-52.6 yaw=-18.3
09-25 19:33:40.227 [POSE] raw p=-52.6 y=-18.3 | lim p=-63.6 y=-18.3 | send p=+63.6 y=+18.3
09-25 19:33:40.897 [DATA] o2=-8929 o3=-420 | o2n=-12761 o3n=-6086 | pitch=-53.0 yaw=-18.8
09-25 19:33:40.899 [POSE] raw p=-53.0 y=-18.8 | lim p=-64.0 y=-18.8 | send p=+64.0 y=+18.8
09-25 19:33:41.510 [DATA] o2=-9052 o3=-457 | o2n=-12884 o3n=-6123 | pitch=-53.5 yaw=-19.0
09-25 19:33:41.511 [POSE] raw p=-53.5 y=-19.0 | lim p=-64.6 y=-19.0 | send p=+64.6 y=+19.0
09-25 19:33:42.078 [DATA] o2=-8890 o3=-506 | o2n=-12722 o3n=-6172 | pitch=-53.1 yaw=-18.4
09-25 19:33:42.079 [POSE] raw p=-53.1 y=-18.4 | lim p=-64.3 y=-18.4 | send p=+64.3 y=+18.4
09-25 19:33:42.689 [DATA] o2=-8613 o3=91 | o2n=-12445 o3n=-5575 | pitch=-50.7 yaw=-19.3
09-25 19:33:42.690 [POSE] raw p=-50.7 y=-19.3 | lim p=-60.9 y=-19.3 | send p=+60.9 y=+19.3
09-25 19:33:43.304 [DATA] o2=-8909 o3=-217 | o2n=-12741 o3n=-5883 | pitch=-52.4 yaw=-19.3
09-25 19:33:43.305 [POSE] raw p=-52.4 y=-19.3 | lim p=-63.1 y=-19.3 | send p=+63.1 y=+19.3
09-25 19:33:43.919 [DATA] o2=-9046 o3=-465 | o2n=-12878 o3n=-6131 | pitch=-53.5 yaw=-19.0
09-25 19:33:43.919 [POSE] raw p=-53.5 y=-19.0 | lim p=-64.6 y=-19.0 | send p=+64.6 y=+19.0
09-25 19:33:44.536 [DATA] o2=-8972 o3=-547 | o2n=-12804 o3n=-6213 | pitch=-53.5 yaw=-18.5
09-25 19:33:44.537 [POSE] raw p=-53.5 y=-18.5 | lim p=-64.7 y=-18.5 | send p=+64.7 y=+18.5
09-25 19:33:45.149 [DATA] o2=-8775 o3=-495 | o2n=-12607 o3n=-6161 | pitch=-52.8 yaw=-18.1
09-25 19:33:45.150 [POSE] raw p=-52.8 y=-18.1 | lim p=-63.9 y=-18.1 | send p=+63.9 y=+18.1
09-25 19:33:45.776 [DATA] o2=-8720 o3=-647 | o2n=-12552 o3n=-6313 | pitch=-53.1 yaw=-17.5
09-25 19:33:45.777 [POSE] raw p=-53.1 y=-17.5 | lim p=-64.4 y=-17.5 | send p=+64.4 y=+17.5
09-25 19:33:46.370 [DATA] o2=-8928 o3=-731 | o2n=-12760 o3n=-6397 | pitch=-53.9 yaw=-17.9
09-25 19:33:46.371 [POSE] raw p=-53.9 y=-17.9 | lim p=-65.4 y=-17.9 | send p=+65.4 y=+17.9
09-25 19:33:46.998 [DATA] o2=-9028 o3=-746 | o2n=-12860 o3n=-6412 | pitch=-54.2 yaw=-18.1
09-25 19:33:46.999 [POSE] raw p=-54.2 y=-18.1 | lim p=-65.7 y=-18.1 | send p=+65.7 y=+18.1
09-25 19:33:47.613 [DATA] o2=-8884 o3=-853 | o2n=-12716 o3n=-6519 | pitch=-54.1 yaw=-17.4
09-25 19:33:47.616 [POSE] raw p=-54.1 y=-17.4 | lim p=-65.8 y=-17.4 | send p=+65.8 y=+17.4
09-25 19:33:48.227 [DATA] o2=-8922 o3=-786 | o2n=-12754 o3n=-6452 | pitch=-54.0 yaw=-17.7
09-25 19:33:48.227 [POSE] raw p=-54.0 y=-17.7 | lim p=-65.6 y=-17.7 | send p=+65.6 y=+17.7
09-25 19:33:48.844 [DATA] o2=-8900 o3=-836 | o2n=-12732 o3n=-6502 | pitch=-54.1 yaw=-17.5
09-25 19:33:48.845 [POSE] raw p=-54.1 y=-17.5 | lim p=-65.8 y=-17.5 | send p=+65.8 y=+17.5
09-25 19:33:49.465 [DATA] o2=-8939 o3=-867 | o2n=-12771 o3n=-6533 | pitch=-54.3 yaw=-17.5
09-25 19:33:49.466 [POSE] raw p=-54.3 y=-17.5 | lim p=-66.0 y=-17.5 | send p=+66.0 y=+17.5
09-25 19:33:50.107 [DATA] o2=-9024 o3=-880 | o2n=-12856 o3n=-6546 | pitch=-54.6 yaw=-17.7
09-25 19:33:50.109 [POSE] raw p=-54.6 y=-17.7 | lim p=-66.3 y=-17.7 | send p=+66.3 y=+17.7
09-25 19:33:50.698 [DATA] o2=-9028 o3=-903 | o2n=-12860 o3n=-6569 | pitch=-54.6 yaw=-17.7
09-25 19:33:50.698 [POSE] raw p=-54.6 y=-17.7 | lim p=-66.4 y=-17.7 | send p=+66.4 y=+17.7
09-25 19:33:51.329 [DATA] o2=-9114 o3=-890 | o2n=-12946 o3n=-6556 | pitch=-54.8 yaw=-18.0
09-25 19:33:51.330 [POSE] raw p=-54.8 y=-18.0 | lim p=-66.6 y=-18.0 | send p=+66.6 y=+18.0
09-25 19:33:51.930 [DATA] o2=-9144 o3=-917 | o2n=-12976 o3n=-6583 | pitch=-55.0 yaw=-18.0
09-25 19:33:51.932 [POSE] raw p=-55.0 y=-18.0 | lim p=-66.8 y=-18.0 | send p=+66.8 y=+18.0
09-25 19:33:52.549 [DATA] o2=-9317 o3=-1013 | o2n=-13149 o3n=-6679 | pitch=-55.8 yaw=-18.2
09-25 19:33:52.550 [POSE] raw p=-55.8 y=-18.2 | lim p=-67.8 y=-18.2 | send p=+67.8 y=+18.2
09-25 19:33:53.152 [DATA] o2=-9116 o3=-1134 | o2n=-12948 o3n=-6800 | pitch=-55.5 yaw=-17.3
09-25 19:33:53.153 [POSE] raw p=-55.5 y=-17.3 | lim p=-67.7 y=-17.3 | send p=+67.7 y=+17.3
09-25 19:33:53.777 [DATA] o2=-9200 o3=-1129 | o2n=-13032 o3n=-6795 | pitch=-55.8 yaw=-17.5
09-25 19:33:53.778 [POSE] raw p=-55.8 y=-17.5 | lim p=-67.9 y=-17.5 | send p=+67.9 y=+17.5
09-25 19:33:54.392 [DATA] o2=-9183 o3=-982 | o2n=-13015 o3n=-6648 | pitch=-55.3 yaw=-17.9
09-25 19:33:54.393 [POSE] raw p=-55.3 y=-17.9 | lim p=-67.2 y=-17.9 | send p=+67.2 y=+17.9
09-25 19:33:55.017 [DATA] o2=-9227 o3=-907 | o2n=-13059 o3n=-6573 | pitch=-55.2 yaw=-18.2
09-25 19:33:55.018 [POSE] raw p=-55.2 y=-18.2 | lim p=-67.0 y=-18.2 | send p=+67.0 y=+18.2
09-25 19:33:55.633 [DATA] o2=-9278 o3=-965 | o2n=-13110 o3n=-6631 | pitch=-55.5 yaw=-18.2
09-25 19:33:55.633 [POSE] raw p=-55.5 y=-18.2 | lim p=-67.4 y=-18.2 | send p=+67.4 y=+18.2
09-25 19:33:56.247 [DATA] o2=-9125 o3=-842 | o2n=-12957 o3n=-6508 | pitch=-54.7 yaw=-18.1
09-25 19:33:56.247 [POSE] raw p=-54.7 y=-18.1 | lim p=-66.5 y=-18.1 | send p=+66.5 y=+18.1
09-25 19:33:56.872 [DATA] o2=-9181 o3=-729 | o2n=-13013 o3n=-6395 | pitch=-54.6 yaw=-18.6
09-25 19:33:56.878 [POSE] raw p=-54.6 y=-18.6 | lim p=-66.1 y=-18.6 | send p=+66.1 y=+18.6
09-25 19:33:57.479 [DATA] o2=-9217 o3=-739 | o2n=-13049 o3n=-6405 | pitch=-54.7 yaw=-18.7
09-25 19:33:57.479 [POSE] raw p=-54.7 y=-18.7 | lim p=-66.3 y=-18.7 | send p=+66.3 y=+18.7
09-25 19:33:58.084 [DATA] o2=-9259 o3=-713 | o2n=-13091 o3n=-6379 | pitch=-54.8 yaw=-18.9
09-25 19:33:58.084 [POSE] raw p=-54.8 y=-18.9 | lim p=-66.3 y=-18.9 | send p=+66.3 y=+18.9
09-25 19:33:58.699 [DATA] o2=-9219 o3=-702 | o2n=-13051 o3n=-6368 | pitch=-54.6 yaw=-18.8
09-25 19:33:58.701 [POSE] raw p=-54.6 y=-18.8 | lim p=-66.1 y=-18.8 | send p=+66.1 y=+18.8
09-25 19:33:59.336 [DATA] o2=-9262 o3=-663 | o2n=-13094 o3n=-6329 | pitch=-54.6 yaw=-19.0
09-25 19:33:59.337 [POSE] raw p=-54.6 y=-19.0 | lim p=-66.1 y=-19.0 | send p=+66.1 y=+19.0
09-25 19:33:59.939 [DATA] o2=-8598 o3=143 | o2n=-12430 o3n=-5523 | pitch=-50.5 yaw=-19.4
09-25 19:33:59.940 [POSE] raw p=-50.5 y=-19.4 | lim p=-60.6 y=-19.4 | send p=+60.6 y=+19.4
09-25 19:34:00.567 [DATA] o2=1590 o3=9641 | o2n=-2242 o3n=+3975 | pitch=+4.9 yaw=-17.5
09-25 19:34:00.568 [POSE] raw p=+4.9 y=-17.5 | lim p=+10.9 y=-17.5 | send p=-10.9 y=+17.5
09-25 19:34:01.170 [DATA] o2=7287 o3=14177 | o2n=+3455 o3n=+8511 | pitch=+33.7 yaw=-14.2
09-25 19:34:01.171 [POSE] raw p=+33.7 y=-14.2 | lim p=+47.4 y=-14.2 | send p=-47.4 y=+14.2
09-25 19:34:01.787 [DATA] o2=8246 o3=15324 | o2n=+4414 o3n=+9658 | pitch=+39.6 yaw=-14.7
09-25 19:34:01.787 [POSE] raw p=+39.6 y=-14.7 | lim p=+55.3 y=-14.7 | send p=-55.3 y=+14.7
09-25 19:34:02.409 [DATA] o2=7667 o3=14039 | o2n=+3835 o3n=+8373 | pitch=+34.3 yaw=-12.8
09-25 19:34:02.413 [POSE] raw p=+34.3 y=-12.8 | lim p=+48.0 y=-12.8 | send p=-48.0 y=+12.8
09-25 19:34:03.030 [DATA] o2=3522 o3=10710 | o2n=-310 o3n=+5044 | pitch=+13.3 yaw=-15.1
09-25 19:34:03.031 [POSE] raw p=+13.3 y=-15.1 | lim p=+21.2 y=-15.1 | send p=-21.2 y=+15.1
09-25 19:34:03.643 [DATA] o2=2640 o3=9777 | o2n=-1192 o3n=+4111 | pitch=+8.2 yaw=-14.9
09-25 19:34:03.644 [POSE] raw p=+8.2 y=-14.9 | lim p=+14.6 y=-14.9 | send p=-14.6 y=+14.9
09-25 19:34:04.260 [DATA] o2=2414 o3=9500 | o2n=-1418 o3n=+3834 | pitch=+6.8 yaw=-14.8
09-25 19:34:04.261 [POSE] raw p=+6.8 y=-14.8 | lim p=+12.7 y=-14.8 | send p=-12.7 y=+14.8
09-25 19:34:04.884 [DATA] o2=2314 o3=9321 | o2n=-1518 o3n=+3655 | pitch=+6.0 yaw=-14.5
09-25 19:34:04.885 [POSE] raw p=+6.0 y=-14.5 | lim p=+11.6 y=-14.5 | send p=-11.6 y=+14.5
09-25 19:34:05.485 [DATA] o2=2331 o3=9241 | o2n=-1501 o3n=+3575 | pitch=+5.8 yaw=-14.3
09-25 19:34:05.486 [POSE] raw p=+5.8 y=-14.3 | lim p=+11.3 y=-14.3 | send p=-11.3 y=+14.3
09-25 19:34:06.110 [DATA] o2=2450 o3=9333 | o2n=-1382 o3n=+3667 | pitch=+6.4 yaw=-14.2
09-25 19:34:06.112 [POSE] raw p=+6.4 y=-14.2 | lim p=+12.0 y=-14.2 | send p=-12.0 y=+14.2
09-25 19:34:06.721 [DATA] o2=2416 o3=9480 | o2n=-1416 o3n=+3814 | pitch=+6.7 yaw=-14.7
09-25 19:34:06.722 [POSE] raw p=+6.7 y=-14.7 | lim p=+12.6 y=-14.7 | send p=-12.6 y=+14.7
09-25 19:34:07.356 [DATA] o2=2066 o3=9350 | o2n=-1766 o3n=+3684 | pitch=+5.4 yaw=-15.3
09-25 19:34:07.358 [POSE] raw p=+5.4 y=-15.3 | lim p=+11.0 y=-15.3 | send p=-11.0 y=+15.3
09-25 19:34:07.950 [DATA] o2=2268 o3=9548 | o2n=-1564 o3n=+3882 | pitch=+6.5 yaw=-15.3
09-25 19:34:07.951 [POSE] raw p=+6.5 y=-15.3 | lim p=+12.5 y=-15.3 | send p=-12.5 y=+15.3
09-25 19:34:08.577 [DATA] o2=2307 o3=9626 | o2n=-1525 o3n=+3960 | pitch=+6.8 yaw=-15.4
09-25 19:34:08.579 [POSE] raw p=+6.8 y=-15.4 | lim p=+12.9 y=-15.4 | send p=-12.9 y=+15.4
09-25 19:34:09.182 [DATA] o2=1740 o3=9775 | o2n=-2092 o3n=+4109 | pitch=+5.7 yaw=-17.4
09-25 19:34:09.183 [POSE] raw p=+5.7 y=-17.4 | lim p=+11.9 y=-17.4 | send p=-11.9 y=+17.4
09-25 19:34:09.810 [DATA] o2=1732 o3=9353 | o2n=-2100 o3n=+3687 | pitch=+4.5 yaw=-16.3
09-25 19:34:09.811 [POSE] raw p=+4.5 y=-16.3 | lim p=+10.0 y=-16.3 | send p=-10.0 y=+16.3
09-25 19:34:10.425 [DATA] o2=1760 o3=9146 | o2n=-2072 o3n=+3480 | pitch=+4.0 yaw=-15.6
09-25 19:34:10.426 [POSE] raw p=+4.0 y=-15.6 | lim p=+9.2 y=-15.6 | send p=-9.2 y=+15.6
09-25 19:34:11.030 [DATA] o2=1684 o3=9003 | o2n=-2148 o3n=+3337 | pitch=+3.3 yaw=-15.4
09-25 19:34:11.031 [POSE] raw p=+3.3 y=-15.4 | lim p=+8.4 y=-15.4 | send p=-8.4 y=+15.4
09-25 19:34:11.666 [DATA] o2=1614 o3=9110 | o2n=-2218 o3n=+3444 | pitch=+3.4 yaw=-15.9
09-25 19:34:11.667 [POSE] raw p=+3.4 y=-15.9 | lim p=+8.6 y=-15.9 | send p=-8.6 y=+15.9
09-25 19:34:12.269 [DATA] o2=1507 o3=9027 | o2n=-2325 o3n=+3361 | pitch=+2.9 yaw=-16.0
09-25 19:34:12.270 [POSE] raw p=+2.9 y=-16.0 | lim p=+7.9 y=-16.0 | send p=-7.9 y=+16.0
09-25 19:34:12.910 [DATA] o2=1552 o3=9054 | o2n=-2280 o3n=+3388 | pitch=+3.1 yaw=-15.9
09-25 19:34:12.911 [POSE] raw p=+3.1 y=-15.9 | lim p=+8.2 y=-15.9 | send p=-8.2 y=+15.9
09-25 19:34:13.496 [DATA] o2=1558 o3=8978 | o2n=-2274 o3n=+3312 | pitch=+2.9 yaw=-15.7
09-25 19:34:13.500 [POSE] raw p=+2.9 y=-15.7 | lim p=+7.9 y=-15.7 | send p=-7.9 y=+15.7
09-25 19:34:14.116 [DATA] o2=1575 o3=8963 | o2n=-2257 o3n=+3297 | pitch=+2.9 yaw=-15.6
09-25 19:34:14.116 [POSE] raw p=+2.9 y=-15.6 | lim p=+7.9 y=-15.6 | send p=-7.9 y=+15.6
09-25 19:34:14.730 [DATA] o2=1594 o3=8946 | o2n=-2238 o3n=+3280 | pitch=+2.9 yaw=-15.5
09-25 19:34:14.731 [POSE] raw p=+2.9 y=-15.5 | lim p=+7.8 y=-15.5 | send p=-7.8 y=+15.5
09-25 19:34:15.360 [DATA] o2=1586 o3=8950 | o2n=-2246 o3n=+3284 | pitch=+2.9 yaw=-15.6
09-25 19:34:15.361 [POSE] raw p=+2.9 y=-15.6 | lim p=+7.8 y=-15.6 | send p=-7.8 y=+15.6
09-25 19:34:15.961 [DATA] o2=1565 o3=8927 | o2n=-2267 o3n=+3261 | pitch=+2.8 yaw=-15.5
09-25 19:34:15.961 [POSE] raw p=+2.8 y=-15.5 | lim p=+7.7 y=-15.5 | send p=-7.7 y=+15.5
09-25 19:34:16.578 [DATA] o2=1500 o3=8906 | o2n=-2332 o3n=+3240 | pitch=+2.6 yaw=-15.7
09-25 19:34:16.579 [POSE] raw p=+2.6 y=-15.7 | lim p=+7.4 y=-15.7 | send p=-7.4 y=+15.7
09-25 19:34:17.182 [DATA] o2=1493 o3=8867 | o2n=-2339 o3n=+3201 | pitch=+2.4 yaw=-15.6
09-25 19:34:17.182 [POSE] raw p=+2.4 y=-15.6 | lim p=+7.2 y=-15.6 | send p=-7.2 y=+15.6
09-25 19:34:17.821 [DATA] o2=1450 o3=8869 | o2n=-2382 o3n=+3203 | pitch=+2.3 yaw=-15.7
09-25 19:34:17.822 [POSE] raw p=+2.3 y=-15.7 | lim p=+7.1 y=-15.7 | send p=-7.1 y=+15.7
09-25 19:34:18.426 [DATA] o2=1434 o3=8816 | o2n=-2398 o3n=+3150 | pitch=+2.1 yaw=-15.6
09-25 19:34:18.428 [POSE] raw p=+2.1 y=-15.6 | lim p=+6.8 y=-15.6 | send p=-6.8 y=+15.6
09-25 19:34:19.050 [DATA] o2=1290 o3=8669 | o2n=-2542 o3n=+3003 | pitch=+1.3 yaw=-15.6
09-25 19:34:19.051 [POSE] raw p=+1.3 y=-15.6 | lim p=+5.7 y=-15.6 | send p=-5.7 y=+15.6
09-25 19:34:19.669 [DATA] o2=889 o3=8116 | o2n=-2943 o3n=+2450 | pitch=-1.4 yaw=-15.2
09-25 19:34:19.670 [POSE] raw p=-1.4 y=-15.2 | lim p=+2.1 y=-15.2 | send p=-2.1 y=+15.2
09-25 19:34:20.282 [DATA] o2=271 o3=7596 | o2n=-3561 o3n=+1930 | pitch=-4.6 yaw=-15.4
09-25 19:34:20.284 [POSE] raw p=-4.6 y=-15.4 | lim p=-1.9 y=-15.4 | send p=+1.9 y=+15.4
09-25 19:34:20.883 [DATA] o2=-223 o3=7412 | o2n=-4055 o3n=+1746 | pitch=-6.5 yaw=-16.3
09-25 19:34:20.884 [POSE] raw p=-6.5 y=-16.3 | lim p=-4.2 y=-16.3 | send p=+4.2 y=+16.3
09-25 19:34:21.534 [DATA] o2=-656 o3=7136 | o2n=-4488 o3n=+1470 | pitch=-8.5 yaw=-16.8
09-25 19:34:21.535 [POSE] raw p=-8.5 y=-16.8 | lim p=-6.7 y=-16.8 | send p=+6.7 y=+16.8
09-25 19:34:22.150 [DATA] o2=-839 o3=6977 | o2n=-4671 o3n=+1311 | pitch=-9.4 yaw=-16.8
09-25 19:34:22.150 [POSE] raw p=-9.4 y=-16.8 | lim p=-7.9 y=-16.8 | send p=+7.9 y=+16.8
09-25 19:34:22.760 [DATA] o2=-847 o3=6918 | o2n=-4679 o3n=+1252 | pitch=-9.6 yaw=-16.7
09-25 19:34:22.761 [POSE] raw p=-9.6 y=-16.7 | lim p=-8.2 y=-16.7 | send p=+8.2 y=+16.7
09-25 19:34:23.386 [DATA] o2=-1033 o3=6582 | o2n=-4865 o3n=+916 | pitch=-11.1 yaw=-16.3
09-25 19:34:23.388 [POSE] raw p=-11.1 y=-16.3 | lim p=-10.2 y=-16.3 | send p=+10.2 y=+16.3
09-25 19:34:23.970 [DATA] o2=-1084 o3=6091 | o2n=-4916 o3n=+425 | pitch=-12.6 yaw=-15.0
09-25 19:34:23.972 [POSE] raw p=-12.6 y=-15.0 | lim p=-12.5 y=-15.0 | send p=+12.5 y=+15.0
09-25 19:34:24.593 [DATA] o2=-1144 o3=6041 | o2n=-4976 o3n=+375 | pitch=-12.9 yaw=-15.0
09-25 19:34:24.594 [POSE] raw p=-12.9 y=-15.0 | lim p=-12.9 y=-15.0 | send p=+12.9 y=+15.0
09-25 19:34:25.191 [DATA] o2=-1537 o3=5835 | o2n=-5369 o3n=+169 | pitch=-14.6 yaw=-15.6
09-25 19:34:25.192 [POSE] raw p=-14.6 y=-15.6 | lim p=-15.0 y=-15.6 | send p=+15.0 y=+15.6
09-25 19:34:25.830 [DATA] o2=-1730 o3=6475 | o2n=-5562 o3n=+809 | pitch=-13.4 yaw=-17.9
09-25 19:34:25.831 [POSE] raw p=-13.4 y=-17.9 | lim p=-12.7 y=-17.9 | send p=+12.7 y=+17.9
09-25 19:34:26.434 [DATA] o2=-2056 o3=6630 | o2n=-5888 o3n=+964 | pitch=-13.8 yaw=-19.3
09-25 19:34:26.435 [POSE] raw p=-13.8 y=-19.3 | lim p=-13.0 y=-19.3 | send p=+13.0 y=+19.3
09-25 19:34:27.060 [DATA] o2=-1758 o3=6475 | o2n=-5590 o3n=+809 | pitch=-13.4 yaw=-18.0
09-25 19:34:27.061 [POSE] raw p=-13.4 y=-18.0 | lim p=-12.8 y=-18.0 | send p=+12.8 y=+18.0
09-25 19:34:27.691 [DATA] o2=-1564 o3=6056 | o2n=-5396 o3n=+390 | pitch=-14.1 yaw=-16.3
09-25 19:34:27.691 [POSE] raw p=-14.1 y=-16.3 | lim p=-14.1 y=-16.3 | send p=+14.1 y=+16.3
09-25 19:34:28.290 [DATA] o2=-1371 o3=6526 | o2n=-5203 o3n=+860 | pitch=-12.2 yaw=-17.1
09-25 19:34:28.291 [POSE] raw p=-12.2 y=-17.1 | lim p=-11.4 y=-17.1 | send p=+11.4 y=+17.1
09-25 19:34:28.911 [DATA] o2=-1252 o3=6603 | o2n=-5084 o3n=+937 | pitch=-11.7 yaw=-16.9
09-25 19:34:28.912 [POSE] raw p=-11.7 y=-16.9 | lim p=-10.8 y=-16.9 | send p=+10.8 y=+16.9
09-25 19:34:29.522 [DATA] o2=-1292 o3=6461 | o2n=-5124 o3n=+795 | pitch=-12.2 yaw=-16.6
09-25 19:34:29.523 [POSE] raw p=-12.2 y=-16.6 | lim p=-11.5 y=-16.6 | send p=+11.5 y=+16.6
09-25 19:34:30.151 [DATA] o2=-1398 o3=6498 | o2n=-5230 o3n=+832 | pitch=-12.4 yaw=-17.0
09-25 19:34:30.152 [POSE] raw p=-12.4 y=-17.0 | lim p=-11.6 y=-17.0 | send p=+11.6 y=+17.0
09-25 19:34:30.758 [DATA] o2=-1768 o3=6466 | o2n=-5600 o3n=+800 | pitch=-13.5 yaw=-18.0
09-25 19:34:30.759 [POSE] raw p=-13.5 y=-18.0 | lim p=-12.9 y=-18.0 | send p=+12.9 y=+18.0
09-25 19:34:31.371 [DATA] o2=-1860 o3=6307 | o2n=-5692 o3n=+641 | pitch=-14.2 yaw=-17.8
09-25 19:34:31.372 [POSE] raw p=-14.2 y=-17.8 | lim p=-13.8 y=-17.8 | send p=+13.8 y=+17.8
09-25 19:34:31.986 [DATA] o2=-950 o3=5517 | o2n=-4782 o3n=-149 | pitch=-13.9 yaw=-13.0
09-25 19:34:31.987 [POSE] raw p=-13.9 y=-13.0 | lim p=-14.6 y=-13.0 | send p=+14.6 y=+13.0
09-25 19:34:32.613 [DATA] o2=-1349 o3=5589 | o2n=-5181 o3n=-77 | pitch=-14.8 yaw=-14.4
09-25 19:34:32.614 [POSE] raw p=-14.8 y=-14.4 | lim p=-15.5 y=-14.4 | send p=+15.5 y=+14.4
09-25 19:34:33.215 [DATA] o2=-1324 o3=5571 | o2n=-5156 o3n=-95 | pitch=-14.8 yaw=-14.2
09-25 19:34:33.216 [POSE] raw p=-14.8 y=-14.2 | lim p=-15.5 y=-14.2 | send p=+15.5 y=+14.2
09-25 19:34:33.832 [DATA] o2=-1445 o3=5620 | o2n=-5277 o3n=-46 | pitch=-15.0 yaw=-14.7
09-25 19:34:33.834 [POSE] raw p=-15.0 y=-14.7 | lim p=-15.6 y=-14.7 | send p=+15.6 y=+14.7
09-25 19:34:34.436 [DATA] o2=-1348 o3=5616 | o2n=-5180 o3n=-50 | pitch=-14.7 yaw=-14.4
09-25 19:34:34.437 [POSE] raw p=-14.7 y=-14.4 | lim p=-15.4 y=-14.4 | send p=+15.4 y=+14.4
09-25 19:34:35.064 [DATA] o2=-1492 o3=5630 | o2n=-5324 o3n=-36 | pitch=-15.1 yaw=-14.9
09-25 19:34:35.065 [POSE] raw p=-15.1 y=-14.9 | lim p=-15.7 y=-14.9 | send p=+15.7 y=+14.9
09-25 19:34:35.697 [DATA] o2=-1549 o3=5298 | o2n=-5381 o3n=-368 | pitch=-16.2 yaw=-14.1
09-25 19:34:35.699 [POSE] raw p=-16.2 y=-14.1 | lim p=-17.4 y=-14.1 | send p=+17.4 y=+14.1
09-25 19:34:36.302 [DATA] o2=-1664 o3=5033 | o2n=-5496 o3n=-633 | pitch=-17.2 yaw=-13.7
09-25 19:34:36.303 [POSE] raw p=-17.2 y=-13.7 | lim p=-18.9 y=-13.7 | send p=+18.9 y=+13.7
09-25 19:34:36.929 [DATA] o2=-2160 o3=5072 | o2n=-5992 o3n=-594 | pitch=-18.5 yaw=-15.2
09-25 19:34:36.929 [POSE] raw p=-18.5 y=-15.2 | lim p=-20.1 y=-15.2 | send p=+20.1 y=+15.2
09-25 19:34:37.522 [DATA] o2=-2116 o3=4976 | o2n=-5948 o3n=-690 | pitch=-18.7 yaw=-14.8
09-25 19:34:37.522 [POSE] raw p=-18.7 y=-14.8 | lim p=-20.4 y=-14.8 | send p=+20.4 y=+14.8
09-25 19:34:38.160 [DATA] o2=-1677 o3=4921 | o2n=-5509 o3n=-745 | pitch=-17.6 yaw=-13.4
09-25 19:34:38.161 [POSE] raw p=-17.6 y=-13.4 | lim p=-19.4 y=-13.4 | send p=+19.4 y=+13.4
09-25 19:34:38.787 [DATA] o2=-1316 o3=4982 | o2n=-5148 o3n=-684 | pitch=-16.4 yaw=-12.6
09-25 19:34:38.787 [POSE] raw p=-16.4 y=-12.6 | lim p=-18.1 y=-12.6 | send p=+18.1 y=+12.6
09-25 19:34:39.384 [DATA] o2=-376 o3=5947 | o2n=-4208 o3n=+281 | pitch=-11.0 yaw=-12.6
09-25 19:34:39.384 [POSE] raw p=-11.0 y=-12.6 | lim p=-11.1 y=-12.6 | send p=+11.1 y=+12.6
09-25 19:34:39.995 [DATA] o2=-1280 o3=4528 | o2n=-5112 o3n=-1138 | pitch=-17.6 yaw=-11.2
09-25 19:34:39.996 [POSE] raw p=-17.6 y=-11.2 | lim p=-19.9 y=-11.2 | send p=+19.9 y=+11.2
09-25 19:34:40.627 [DATA] o2=-828 o3=3373 | o2n=-4660 o3n=-2293 | pitch=-19.6 yaw=-6.7
09-25 19:34:40.629 [POSE] raw p=-19.6 y=-6.7 | lim p=-23.7 y=-6.7 | send p=+23.7 y=+6.7
09-25 19:34:41.224 [DATA] o2=-428 o3=3199 | o2n=-4260 o3n=-2467 | pitch=-18.9 yaw=-5.0
09-25 19:34:41.224 [POSE] raw p=-18.9 y=-5.0 | lim p=-23.3 y=-5.0 | send p=+23.3 y=+5.0
09-25 19:34:41.868 [DATA] o2=-392 o3=3606 | o2n=-4224 o3n=-2060 | pitch=-17.7 yaw=-6.1
09-25 19:34:41.869 [POSE] raw p=-17.7 y=-6.1 | lim p=-21.4 y=-6.1 | send p=+21.4 y=+6.1
09-25 19:34:42.458 [DATA] o2=-294 o3=3806 | o2n=-4126 o3n=-1860 | pitch=-16.8 yaw=-6.4
09-25 19:34:42.459 [POSE] raw p=-16.8 y=-6.4 | lim p=-20.2 y=-6.4 | send p=+20.2 y=+6.4
09-25 19:34:43.085 [DATA] o2=-222 o3=4343 | o2n=-4054 o3n=-1323 | pitch=-15.1 yaw=-7.7
09-25 19:34:43.086 [POSE] raw p=-15.1 y=-7.7 | lim p=-17.7 y=-7.7 | send p=+17.7 y=+7.7
09-25 19:34:43.702 [DATA] o2=205 o3=4826 | o2n=-3627 o3n=-840 | pitch=-12.6 yaw=-7.8
09-25 19:34:43.704 [POSE] raw p=-12.6 y=-7.8 | lim p=-14.3 y=-7.8 | send p=+14.3 y=+7.8
09-25 19:34:44.313 [DATA] o2=569 o3=4844 | o2n=-3263 o3n=-822 | pitch=-11.5 yaw=-6.9
09-25 19:34:44.314 [POSE] raw p=-11.5 y=-6.9 | lim p=-13.2 y=-6.9 | send p=+13.2 y=+6.9
09-25 19:34:44.941 [DATA] o2=802 o3=5165 | o2n=-3030 o3n=-501 | pitch=-9.9 yaw=-7.1
09-25 19:34:44.942 [POSE] raw p=-9.9 y=-7.1 | lim p=-11.1 y=-7.1 | send p=+11.1 y=+7.1
09-25 19:34:45.535 [DATA] o2=1020 o3=5937 | o2n=-2812 o3n=+271 | pitch=-7.1 yaw=-8.7
09-25 19:34:45.536 [POSE] raw p=-7.1 y=-8.7 | lim p=-7.0 y=-8.7 | send p=+7.0 y=+8.7
09-25 19:34:46.172 [DATA] o2=-2284 o3=9788 | o2n=-6116 o3n=+4122 | pitch=-5.6 yaw=-28.8
09-25 19:34:46.174 [POSE] raw p=-5.6 y=-28.8 | lim p=+0.2 y=-23.7 | send p=-0.2 y=+23.7
09-25 19:34:46.765 [DATA] o2=-2753 o3=10035 | o2n=-6585 o3n=+4369 | pitch=-6.2 yaw=-30.8
09-25 19:34:46.765 [POSE] raw p=-6.2 y=-30.8 | lim p=-0.1 y=-30.8 | send p=+0.1 y=+30.8
09-25 19:34:47.401 [DATA] o2=-2853 o3=9416 | o2n=-6685 o3n=+3750 | pitch=-8.3 yaw=-29.3
09-25 19:34:47.401 [POSE] raw p=-8.3 y=-29.3 | lim p=-3.1 y=-29.3 | send p=+3.1 y=+29.3
09-25 19:34:48.008 [DATA] o2=-2110 o3=8061 | o2n=-5942 o3n=+2395 | pitch=-10.0 yaw=-23.4
09-25 19:34:48.008 [POSE] raw p=-10.0 y=-23.4 | lim p=-6.9 y=-23.4 | send p=+6.9 y=+23.4
09-25 19:34:48.632 [DATA] o2=968 o3=7646 | o2n=-2864 o3n=+1980 | pitch=-2.5 yaw=-13.6
09-25 19:34:48.633 [POSE] raw p=-2.5 y=-13.6 | lim p=+0.3 y=-13.6 | send p=-0.3 y=+13.6
09-25 19:34:49.236 [DATA] o2=1605 o3=6221 | o2n=-2227 o3n=+555 | pitch=-4.7 yaw=-7.8
09-25 19:34:49.236 [POSE] raw p=-4.7 y=-7.8 | lim p=-4.1 y=-7.8 | send p=+4.1 y=+7.8
09-25 19:34:49.862 [DATA] o2=1302 o3=6417 | o2n=-2530 o3n=+751 | pitch=-5.0 yaw=-9.2
09-25 19:34:49.862 [POSE] raw p=-5.0 y=-9.2 | lim p=-4.1 y=-9.2 | send p=+4.1 y=+9.2
09-25 19:34:50.474 [DATA] o2=711 o3=6514 | o2n=-3121 o3n=+848 | pitch=-6.4 yaw=-11.2
09-25 19:34:50.475 [POSE] raw p=-6.4 y=-11.2 | lim p=-5.4 y=-11.2 | send p=+5.4 y=+11.2
09-25 19:34:51.084 [DATA] o2=719 o3=6406 | o2n=-3113 o3n=+740 | pitch=-6.7 yaw=-10.8
09-25 19:34:51.085 [POSE] raw p=-6.7 y=-10.8 | lim p=-5.9 y=-10.8 | send p=+5.9 y=+10.8
09-25 19:34:51.697 [DATA] o2=507 o3=6067 | o2n=-3325 o3n=+401 | pitch=-8.2 yaw=-10.5
09-25 19:34:51.698 [POSE] raw p=-8.2 y=-10.5 | lim p=-8.0 y=-10.5 | send p=+8.0 y=+10.5
09-25 19:34:52.323 [DATA] o2=558 o3=5460 | o2n=-3274 o3n=-206 | pitch=-9.8 yaw=-8.6
09-25 19:34:52.324 [POSE] raw p=-9.8 y=-8.6 | lim p=-10.5 y=-8.6 | send p=+10.5 y=+8.6
09-25 19:34:52.941 [DATA] o2=193 o3=5387 | o2n=-3639 o3n=-279 | pitch=-11.0 yaw=-9.4
09-25 19:34:52.946 [POSE] raw p=-11.0 y=-9.4 | lim p=-11.9 y=-9.4 | send p=+11.9 y=+9.4
09-25 19:34:53.518 [KEEP] heartbeat
09-25 19:34:53.555 [DATA] o2=320 o3=5336 | o2n=-3512 o3n=-330 | pitch=-10.8 yaw=-8.9
09-25 19:34:53.556 [POSE] raw p=-10.8 y=-8.9 | lim p=-11.7 y=-8.9 | send p=+11.7 y=+8.9
09-25 19:34:54.182 [DATA] o2=530 o3=5432 | o2n=-3302 o3n=-234 | pitch=-9.9 yaw=-8.6
09-25 19:34:54.182 [POSE] raw p=-9.9 y=-8.6 | lim p=-10.7 y=-8.6 | send p=+10.7 y=+8.6
09-25 19:34:54.785 [DATA] o2=686 o3=5340 | o2n=-3146 o3n=-326 | pitch=-9.8 yaw=-7.9
09-25 19:34:54.786 [POSE] raw p=-9.8 y=-7.9 | lim p=-10.6 y=-7.9 | send p=+10.6 y=+7.9
09-25 19:34:55.416 [DATA] o2=839 o3=5290 | o2n=-2993 o3n=-376 | pitch=-9.5 yaw=-7.4
09-25 19:34:55.418 [POSE] raw p=-9.5 y=-7.4 | lim p=-10.4 y=-7.4 | send p=+10.4 y=+7.4
09-25 19:34:56.029 [DATA] o2=1060 o3=5150 | o2n=-2772 o3n=-516 | pitch=-9.2 yaw=-6.3
09-25 19:34:56.030 [POSE] raw p=-9.2 y=-6.3 | lim p=-10.4 y=-6.3 | send p=+10.4 y=+6.3
09-25 19:34:56.659 [DATA] o2=1234 o3=5140 | o2n=-2598 o3n=-526 | pitch=-8.8 yaw=-5.8
09-25 19:34:56.659 [POSE] raw p=-8.8 y=-5.8 | lim p=-9.9 y=-5.8 | send p=+9.9 y=+5.8
09-25 19:34:57.236 [DATA] o2=-997 o3=4451 | o2n=-4829 o3n=-1215 | pitch=-17.0 yaw=-10.2
09-25 19:34:57.237 [POSE] raw p=-17.0 y=-10.2 | lim p=-19.5 y=-10.2 | send p=+19.5 y=+10.2
09-25 19:34:57.870 [DATA] o2=-1397 o3=3634 | o2n=-5229 o3n=-2032 | pitch=-20.4 yaw=-9.0
09-25 19:34:57.871 [POSE] raw p=-20.4 y=-9.0 | lim p=-24.2 y=-9.0 | send p=+24.2 y=+9.0
09-25 19:34:58.467 [DATA] o2=233 o3=3580 | o2n=-3599 o3n=-2086 | pitch=-16.0 yaw=-4.3
09-25 19:34:58.468 [POSE] raw p=-16.0 y=-4.3 | lim p=-19.7 y=-4.3 | send p=+19.7 y=+4.3
09-25 19:34:59.097 [DATA] o2=4555 o3=8182 | o2n=+723 o3n=+2516 | pitch=+9.1 yaw=-5.0
09-25 19:34:59.100 [POSE] raw p=+9.1 y=-5.0 | lim p=+13.2 y=-5.0 | send p=-13.2 y=+5.0
09-25 19:34:59.725 [DATA] o2=12224 o3=11065 | o2n=+8392 o3n=+5399 | pitch=+38.8 yaw=+8.4
09-25 19:34:59.727 [POSE] raw p=+38.8 y=+8.4 | lim p=+52.6 y=+8.4 | send p=-52.6 y=-8.4
09-25 19:35:00.329 [DATA] o2=18311 o3=3074 | o2n=+14479 o3n=-2592 | pitch=+33.4 yaw=+48.0
09-25 19:35:00.331 [POSE] raw p=+33.4 y=+48.0 | lim p=+55.9 y=+23.4 | send p=-55.9 y=-23.4
09-25 19:35:00.956 [DATA] o2=18781 o3=-2685 | o2n=+14949 o3n=-8351 | pitch=+18.6 yaw=+65.5
09-25 19:35:00.957 [POSE] raw p=+18.6 y=+65.5 | lim p=+39.7 y=+38.4 | send p=-39.7 y=-38.4
09-25 19:35:01.561 [DATA] o2=12292 o3=395 | o2n=+8460 o3n=-5271 | pitch=+9.0 yaw=+38.6
09-25 19:35:01.562 [POSE] raw p=+9.0 y=+38.6 | lim p=+21.7 y=+38.6 | send p=-21.7 y=-38.6
09-25 19:35:02.183 [DATA] o2=8138 o3=1769 | o2n=+4306 o3n=-3897 | pitch=+1.2 yaw=+23.1
09-25 19:35:02.184 [POSE] raw p=+1.2 y=+23.1 | lim p=+7.5 y=+23.6 | send p=-7.5 y=-23.6
09-25 19:35:02.785 [DATA] o2=8800 o3=2106 | o2n=+4968 o3n=-3560 | pitch=+4.0 yaw=+24.0
09-25 19:35:02.786 [POSE] raw p=+4.0 y=+24.0 | lim p=+11.4 y=+24.0 | send p=-11.4 y=-24.0
09-25 19:35:03.424 [DATA] o2=8374 o3=1767 | o2n=+4542 o3n=-3899 | pitch=+1.8 yaw=+23.7
09-25 19:35:03.425 [POSE] raw p=+1.8 y=+23.7 | lim p=+8.5 y=+23.7 | send p=-8.5 y=-23.7
09-25 19:35:04.017 [DATA] o2=7723 o3=1057 | o2n=+3891 o3n=-4609 | pitch=-2.0 yaw=+23.9
09-25 19:35:04.017 [POSE] raw p=-2.0 y=+23.9 | lim p=+3.6 y=+23.9 | send p=-3.6 y=-23.9
09-25 19:35:04.642 [DATA] o2=7643 o3=930 | o2n=+3811 o3n=-4736 | pitch=-2.6 yaw=+24.0
09-25 19:35:04.643 [POSE] raw p=-2.6 y=+24.0 | lim p=+2.9 y=+24.0 | send p=-2.9 y=-24.0
09-25 19:35:05.247 [DATA] o2=7806 o3=735 | o2n=+3974 o3n=-4931 | pitch=-2.7 yaw=+25.0
09-25 19:35:05.248 [POSE] raw p=-2.7 y=+25.0 | lim p=+3.0 y=+25.0 | send p=-3.0 y=-25.0
09-25 19:35:05.874 [DATA] o2=7713 o3=320 | o2n=+3881 o3n=-5346 | pitch=-4.1 yaw=+26.0
09-25 19:35:05.875 [POSE] raw p=-4.1 y=+26.0 | lim p=+1.4 y=+26.0 | send p=-1.4 y=-26.0
09-25 19:35:06.479 [DATA] o2=7753 o3=176 | o2n=+3921 o3n=-5490 | pitch=-4.4 yaw=+26.5
09-25 19:35:06.480 [POSE] raw p=-4.4 y=+26.5 | lim p=+1.1 y=+26.5 | send p=-1.1 y=-26.5
09-25 19:35:07.106 [DATA] o2=7646 o3=95 | o2n=+3814 o3n=-5571 | pitch=-4.9 yaw=+26.4
09-25 19:35:07.107 [POSE] raw p=-4.9 y=+26.4 | lim p=+0.4 y=+26.4 | send p=-0.4 y=-26.4
09-25 19:35:07.732 [DATA] o2=7684 o3=-135 | o2n=+3852 o3n=-5801 | pitch=-5.5 yaw=+27.1
09-25 19:35:07.734 [POSE] raw p=-5.5 y=+27.1 | lim p=-0.1 y=+27.1 | send p=+0.1 y=-27.1
09-25 19:35:08.345 [DATA] o2=7658 o3=-295 | o2n=+3826 o3n=-5961 | pitch=-6.0 yaw=+27.5
09-25 19:35:08.346 [POSE] raw p=-6.0 y=+27.5 | lim p=-0.6 y=+27.5 | send p=+0.6 y=-27.5
09-25 19:35:08.973 [DATA] o2=7623 o3=-464 | o2n=+3791 o3n=-6130 | pitch=-6.6 yaw=+27.9
09-25 19:35:08.975 [POSE] raw p=-6.6 y=+27.9 | lim p=-1.3 y=+27.9 | send p=+1.3 y=-27.9
09-25 19:35:09.584 [DATA] o2=7751 o3=-566 | o2n=+3919 o3n=-6232 | pitch=-6.5 yaw=+28.5
09-25 19:35:09.584 [POSE] raw p=-6.5 y=+28.5 | lim p=-1.0 y=+28.5 | send p=+1.0 y=-28.5
09-25 19:35:10.203 [DATA] o2=7927 o3=-519 | o2n=+4095 o3n=-6185 | pitch=-5.9 yaw=+28.9
09-25 19:35:10.204 [POSE] raw p=-5.9 y=+28.9 | lim p=-0.1 y=+28.9 | send p=+0.1 y=-28.9
09-25 19:35:10.810 [DATA] o2=7956 o3=-617 | o2n=+4124 o3n=-6283 | pitch=-6.1 yaw=+29.3
09-25 19:35:10.811 [POSE] raw p=-6.1 y=+29.3 | lim p=-0.3 y=+29.3 | send p=+0.3 y=-29.3
09-25 19:35:11.435 [DATA] o2=7998 o3=-741 | o2n=+4166 o3n=-6407 | pitch=-6.3 yaw=+29.7
09-25 19:35:11.436 [POSE] raw p=-6.3 y=+29.7 | lim p=-0.5 y=+29.7 | send p=+0.5 y=-29.7
09-25 19:35:12.070 [DATA] o2=8117 o3=-839 | o2n=+4285 o3n=-6505 | pitch=-6.2 yaw=+30.3
09-25 19:35:12.071 [POSE] raw p=-6.2 y=+30.3 | lim p=-0.2 y=+30.3 | send p=+0.2 y=-30.3
09-25 19:35:12.689 [DATA] o2=8448 o3=-419 | o2n=+4616 o3n=-6085 | pitch=-4.1 yaw=+30.1
09-25 19:35:12.690 [POSE] raw p=-4.1 y=+30.1 | lim p=+2.5 y=+30.1 | send p=-2.5 y=-30.1
09-25 19:35:13.260 [DATA] o2=10058 o3=2612 | o2n=+6226 o3n=-3054 | pitch=+8.9 yaw=+26.1
09-25 19:35:13.260 [POSE] raw p=+8.9 y=+26.1 | lim p=+18.4 y=+26.1 | send p=-18.4 y=-26.1
09-25 19:35:13.897 [DATA] o2=13777 o3=10950 | o2n=+9945 o3n=+5284 | pitch=+42.8 yaw=+13.1
09-25 19:35:13.898 [POSE] raw p=+42.8 y=+13.1 | lim p=+59.1 y=+13.1 | send p=-59.1 y=-13.1
09-25 19:35:13.941 [MA] guide: open
09-25 19:35:13.962 [PHONE] sensor start avail=true highRate=false
09-25 19:35:13.982 [PHONE] baseline set (quat) w=0.531 x=0.467 y=0.482 z=0.518
09-25 19:35:13.993 [PHONE] yawW=-0.3 pitchW=-0.1 rollW=+0.0
09-25 19:35:14.053 [PHONE] yawW=-0.9 pitchW=-0.4 rollW=+0.2
09-25 19:35:14.115 [PHONE] yawW=-0.6 pitchW=-0.0 rollW=+0.2
09-25 19:35:14.174 [PHONE] yawW=-0.9 pitchW=+0.3 rollW=+0.2
09-25 19:35:14.234 [PHONE] yawW=-0.7 pitchW=+0.3 rollW=+0.1
09-25 19:35:14.296 [PHONE] yawW=-0.6 pitchW=+0.6 rollW=-0.0
09-25 19:35:14.356 [PHONE] yawW=-0.6 pitchW=+0.9 rollW=-0.1
09-25 19:35:14.416 [PHONE] yawW=-0.7 pitchW=+1.1 rollW=+0.0
09-25 19:35:14.476 [PHONE] yawW=-0.8 pitchW=+1.1 rollW=+0.1
09-25 19:35:14.499 [DATA] o2=14229 o3=11074 | o2n=+10397 o3n=+5408 | pitch=+44.5 yaw=+14.0
09-25 19:35:14.500 [POSE] raw p=+44.5 y=+14.0 | lim p=+61.4 y=+14.0 | send p=-61.4 y=-14.0
09-25 19:35:14.537 [PHONE] yawW=-0.6 pitchW=+1.1 rollW=+0.2
09-25 19:35:14.597 [PHONE] yawW=-0.5 pitchW=+1.2 rollW=+0.2
09-25 19:35:14.658 [PHONE] yawW=-0.5 pitchW=+1.2 rollW=+0.3
09-25 19:35:14.718 [PHONE] yawW=-0.4 pitchW=+1.3 rollW=+0.4
09-25 19:35:14.779 [PHONE] yawW=-0.3 pitchW=+1.3 rollW=+0.4
09-25 19:35:14.840 [PHONE] yawW=-0.1 pitchW=+1.4 rollW=+0.4
09-25 19:35:14.900 [PHONE] yawW=-0.3 pitchW=+1.5 rollW=+0.3
09-25 19:35:14.962 [PHONE] yawW=-0.1 pitchW=+1.2 rollW=+0.2
09-25 19:35:15.020 [PHONE] yawW=-0.1 pitchW=+0.9 rollW=+0.2
09-25 19:35:15.081 [PHONE] yawW=+0.0 pitchW=+0.9 rollW=+0.2
09-25 19:35:15.127 [DATA] o2=14330 o3=10806 | o2n=+10498 o3n=+5140 | pitch=+44.0 yaw=+15.1
09-25 19:35:15.128 [POSE] raw p=+44.0 y=+15.1 | lim p=+61.1 y=+15.1 | send p=-61.1 y=-15.1
09-25 19:35:15.142 [PHONE] yawW=+0.3 pitchW=+0.6 rollW=+0.2
09-25 19:35:15.203 [PHONE] yawW=+0.7 pitchW=+0.2 rollW=+0.5
09-25 19:35:15.263 [PHONE] yawW=+0.7 pitchW=+0.5 rollW=+0.5
09-25 19:35:15.284 [MA] guide: settle begin
09-25 19:35:15.324 [PHONE] yawW=+0.9 pitchW=+0.6 rollW=+0.4
09-25 19:35:15.384 [PHONE] yawW=+0.9 pitchW=+0.9 rollW=+0.3
09-25 19:35:15.445 [PHONE] yawW=+1.1 pitchW=+1.2 rollW=+0.2
09-25 19:35:15.504 [PHONE] yawW=+1.0 pitchW=+1.5 rollW=+0.3
09-25 19:35:15.565 [PHONE] yawW=+1.2 pitchW=+1.6 rollW=+0.3
09-25 19:35:15.625 [PHONE] yawW=+1.2 pitchW=+1.7 rollW=+0.3
09-25 19:35:15.685 [PHONE] yawW=+1.0 pitchW=+1.7 rollW=+0.3
09-25 19:35:15.748 [PHONE] yawW=+1.0 pitchW=+1.6 rollW=+0.3
09-25 19:35:15.754 [DATA] o2=14572 o3=10699 | o2n=+10740 o3n=+5033 | pitch=+44.4 yaw=+16.1
09-25 19:35:15.756 [POSE] raw p=+44.4 y=+16.1 | lim p=+61.8 y=+16.1 | send p=-61.8 y=-16.1
09-25 19:35:15.807 [PHONE] yawW=+1.1 pitchW=+1.5 rollW=+0.2
09-25 19:35:15.869 [PHONE] yawW=+1.0 pitchW=+1.6 rollW=-0.2
09-25 19:35:15.928 [PHONE] yawW=+1.1 pitchW=+1.6 rollW=-0.5
09-25 19:35:15.990 [PHONE] yawW=+1.3 pitchW=+1.8 rollW=-0.5
09-25 19:35:16.050 [PHONE] yawW=+1.2 pitchW=+1.9 rollW=-0.3
09-25 19:35:16.111 [PHONE] yawW=+0.9 pitchW=+1.9 rollW=+0.0
09-25 19:35:16.171 [PHONE] yawW=+0.8 pitchW=+2.1 rollW=+0.1
09-25 19:35:16.231 [PHONE] yawW=+0.9 pitchW=+1.9 rollW=+0.2
09-25 19:35:16.291 [PHONE] yawW=+0.7 pitchW=+1.8 rollW=+0.2
09-25 19:35:16.352 [PHONE] yawW=+0.5 pitchW=+2.0 rollW=+0.2
09-25 19:35:16.359 [DATA] o2=14694 o3=10529 | o2n=+10862 o3n=+4863 | pitch=+44.2 yaw=+16.9
09-25 19:35:16.361 [POSE] raw p=+44.2 y=+16.9 | lim p=+61.9 y=+16.9 | send p=-61.9 y=-16.9
09-25 19:35:16.412 [PHONE] yawW=+0.2 pitchW=+1.9 rollW=+0.1
09-25 19:35:16.474 [PHONE] yawW=+0.2 pitchW=+2.0 rollW=-0.0
09-25 19:35:16.534 [PHONE] yawW=+0.3 pitchW=+2.1 rollW=-0.1
09-25 19:35:16.593 [PHONE] yawW=+0.5 pitchW=+2.1 rollW=-0.1
09-25 19:35:16.654 [PHONE] yawW=+0.4 pitchW=+2.3 rollW=+0.3
09-25 19:35:16.714 [PHONE] yawW=+0.2 pitchW=+2.3 rollW=+0.6
09-25 19:35:16.775 [PHONE] yawW=+0.5 pitchW=+2.4 rollW=+0.6
09-25 19:35:16.836 [PHONE] yawW=+0.6 pitchW=+2.6 rollW=+0.7
09-25 19:35:16.896 [PHONE] yawW=+0.4 pitchW=+2.9 rollW=+0.8
09-25 19:35:16.952 [DATA] o2=14737 o3=10321 | o2n=+10905 o3n=+4655 | pitch=+43.8 yaw=+17.6
09-25 19:35:16.953 [POSE] raw p=+43.8 y=+17.6 | lim p=+61.5 y=+17.6 | send p=-61.5 y=-17.6
09-25 19:35:16.956 [PHONE] yawW=+0.5 pitchW=+3.3 rollW=+0.8
09-25 19:35:17.017 [PHONE] yawW=+0.9 pitchW=+3.7 rollW=+0.9
09-25 19:35:17.079 [PHONE] yawW=+1.0 pitchW=+3.8 rollW=+1.0
09-25 19:35:17.138 [PHONE] yawW=+0.9 pitchW=+3.9 rollW=+1.1
09-25 19:35:17.198 [PHONE] yawW=+0.6 pitchW=+3.9 rollW=+1.2
09-25 19:35:17.260 [PHONE] yawW=+0.9 pitchW=+3.8 rollW=+1.1
09-25 19:35:17.319 [PHONE] yawW=+1.0 pitchW=+3.7 rollW=+0.9
09-25 19:35:17.380 [PHONE] yawW=+1.2 pitchW=+3.7 rollW=+0.6
09-25 19:35:17.441 [PHONE] yawW=+1.5 pitchW=+3.7 rollW=+0.3
09-25 19:35:17.501 [PHONE] yawW=+1.6 pitchW=+3.7 rollW=+0.1
09-25 19:35:17.563 [PHONE] yawW=+1.7 pitchW=+3.6 rollW=-0.1
09-25 19:35:17.590 [DATA] o2=14944 o3=10602 | o2n=+11112 o3n=+4936 | pitch=+45.1 yaw=+17.4
09-25 19:35:17.592 [POSE] raw p=+45.1 y=+17.4 | lim p=+63.2 y=+17.4 | send p=-63.2 y=-17.4
09-25 19:35:17.622 [PHONE] yawW=+1.6 pitchW=+3.6 rollW=-0.1
09-25 19:35:17.683 [PHONE] yawW=+1.4 pitchW=+3.2 rollW=-0.0
09-25 19:35:17.743 [PHONE] yawW=+1.4 pitchW=+3.3 rollW=-0.0
09-25 19:35:17.804 [PHONE] yawW=+1.3 pitchW=+3.3 rollW=-0.0
09-25 19:35:17.866 [PHONE] yawW=+1.1 pitchW=+3.1 rollW=+0.0
09-25 19:35:17.925 [PHONE] yawW=+1.1 pitchW=+3.1 rollW=+0.1
09-25 19:35:17.985 [PHONE] yawW=+1.1 pitchW=+3.2 rollW=+0.0
09-25 19:35:18.045 [PHONE] yawW=+1.2 pitchW=+3.3 rollW=-0.0
09-25 19:35:18.108 [PHONE] yawW=+1.2 pitchW=+3.4 rollW=+0.0
09-25 19:35:18.166 [PHONE] yawW=+1.2 pitchW=+3.4 rollW=+0.1
09-25 19:35:18.215 [DATA] o2=15176 o3=10343 | o2n=+11344 o3n=+4677 | pitch=+45.1 yaw=+18.8
09-25 19:35:18.216 [POSE] raw p=+45.1 y=+18.8 | lim p=+63.5 y=+18.8 | send p=-63.5 y=-18.8
09-25 19:35:18.226 [PHONE] yawW=+1.2 pitchW=+3.5 rollW=+0.1
09-25 19:35:18.308 [PHONE] yawW=+1.2 pitchW=+3.6 rollW=+0.1
09-25 19:35:18.360 [MA] guide: recalibrate + resetReference
09-25 19:35:18.370 [PHONE] baseline set (quat) w=0.542 x=0.488 y=0.470 z=0.497
09-25 19:35:18.388 [PHONE] yawW=+0.0 pitchW=+0.0 rollW=+0.0
09-25 19:35:18.448 [PHONE] yawW=-0.1 pitchW=+0.1 rollW=+0.1
09-25 19:35:18.508 [PHONE] yawW=-0.1 pitchW=+0.0 rollW=+0.2
09-25 19:35:18.569 [PHONE] yawW=-0.0 pitchW=+0.2 rollW=+0.2
09-25 19:35:18.635 [PHONE] yawW=+0.0 pitchW=+0.2 rollW=+0.2
09-25 19:35:18.690 [PHONE] yawW=+0.0 pitchW=+0.3 rollW=+0.2
09-25 19:35:18.750 [PHONE] yawW=-0.0 pitchW=+0.4 rollW=+0.2
09-25 19:35:18.811 [PHONE] yawW=-0.0 pitchW=+0.5 rollW=+0.3
09-25 19:35:18.816 [AacpHeadTracker] state: 重新校准中…（保持头正 1 秒）
09-25 19:35:18.817 [HTC] 重新校准中…（保持头正 1 秒）
09-25 19:35:18.872 [PHONE] yawW=+0.1 pitchW=+0.6 rollW=+0.3
09-25 19:35:18.933 [PHONE] yawW=+0.1 pitchW=+0.6 rollW=+0.3
09-25 19:35:18.994 [PHONE] yawW=-0.1 pitchW=+0.6 rollW=+0.4
09-25 19:35:19.053 [PHONE] yawW=-0.1 pitchW=+0.7 rollW=+0.4
09-25 19:35:19.116 [PHONE] yawW=-0.0 pitchW=+0.8 rollW=+0.5
09-25 19:35:19.175 [PHONE] yawW=+0.1 pitchW=+1.0 rollW=+0.4
09-25 19:35:19.256 [PHONE] yawW=+0.3 pitchW=+1.0 rollW=+0.6
09-25 19:35:19.316 [PHONE] yawW=+0.3 pitchW=+1.0 rollW=+0.7
09-25 19:35:19.377 [PHONE] yawW=+0.3 pitchW=+1.1 rollW=+0.6
09-25 19:35:19.436 [PHONE] yawW=+0.4 pitchW=+1.2 rollW=+0.6
09-25 19:35:19.498 [PHONE] yawW=+0.5 pitchW=+1.2 rollW=+0.8
09-25 19:35:19.559 [PHONE] yawW=+0.6 pitchW=+1.2 rollW=+0.9
09-25 19:35:19.620 [PHONE] yawW=+0.5 pitchW=+1.3 rollW=+1.0
09-25 19:35:19.679 [PHONE] yawW=+0.5 pitchW=+1.4 rollW=+1.0
09-25 19:35:19.738 [PHONE] yawW=+0.5 pitchW=+1.5 rollW=+1.0
09-25 19:35:19.801 [PHONE] yawW=+0.5 pitchW=+1.5 rollW=+1.1
09-25 19:35:19.861 [PHONE] yawW=+0.7 pitchW=+1.5 rollW=+1.2
09-25 19:35:19.921 [PHONE] yawW=+0.8 pitchW=+1.6 rollW=+1.2
09-25 19:35:19.982 [PHONE] yawW=+0.9 pitchW=+1.7 rollW=+1.1
09-25 19:35:20.042 [PHONE] yawW=+0.9 pitchW=+1.8 rollW=+1.2
09-25 19:35:20.102 [PHONE] yawW=+0.9 pitchW=+1.9 rollW=+1.2
09-25 19:35:20.163 [PHONE] yawW=+1.0 pitchW=+1.8 rollW=+1.1
09-25 19:35:20.223 [PHONE] yawW=+1.0 pitchW=+1.9 rollW=+1.0
09-25 19:35:20.285 [PHONE] yawW=+1.1 pitchW=+2.0 rollW=+1.0
09-25 19:35:20.344 [PHONE] yawW=+1.1 pitchW=+2.0 rollW=+1.1
09-25 19:35:20.361 [MA] guide action 1/3
09-25 19:35:20.397 [PHONE] yawW=+1.0 pitchW=+2.0 rollW=+1.1
09-25 19:35:20.465 [PHONE] yawW=+0.9 pitchW=+2.1 rollW=+1.1
09-25 19:35:20.525 [PHONE] yawW=+0.9 pitchW=+2.2 rollW=+1.1
09-25 19:35:20.587 [PHONE] yawW=+0.8 pitchW=+2.3 rollW=+1.1
09-25 19:35:20.647 [PHONE] yawW=+0.9 pitchW=+2.4 rollW=+1.0
09-25 19:35:20.714 [PHONE] yawW=+0.9 pitchW=+2.4 rollW=+1.0
09-25 19:35:20.767 [PHONE] yawW=+0.8 pitchW=+2.6 rollW=+1.0
09-25 19:35:20.828 [PHONE] yawW=+0.8 pitchW=+2.6 rollW=+1.1
09-25 19:35:20.890 [PHONE] yawW=+0.8 pitchW=+2.6 rollW=+1.2
09-25 19:35:20.950 [PHONE] yawW=+0.7 pitchW=+2.6 rollW=+1.3
09-25 19:35:21.009 [PHONE] yawW=+0.8 pitchW=+2.7 rollW=+1.2
09-25 19:35:21.092 [PHONE] yawW=+0.9 pitchW=+2.7 rollW=+1.2
09-25 19:35:21.171 [PHONE] yawW=+0.8 pitchW=+2.8 rollW=+1.3
09-25 19:35:21.231 [PHONE] yawW=+0.6 pitchW=+2.9 rollW=+1.3
09-25 19:35:21.283 [AacpHeadTracker] state: 校准完成（中性位 o1=-15734 o2=20784 o3=15625）
09-25 19:35:21.284 [HTC] 校准完成（中性位 o1=-15734 o2=20784 o3=15625）
09-25 19:35:21.291 [PHONE] yawW=+0.6 pitchW=+2.9 rollW=+1.3
09-25 19:35:21.353 [PHONE] yawW=+0.5 pitchW=+3.0 rollW=+1.3
09-25 19:35:21.412 [PHONE] yawW=+0.5 pitchW=+3.1 rollW=+1.3
09-25 19:35:21.474 [PHONE] yawW=+0.4 pitchW=+3.1 rollW=+1.4
09-25 19:35:21.533 [PHONE] yawW=+0.5 pitchW=+3.2 rollW=+1.3
09-25 19:35:21.596 [PHONE] yawW=+0.4 pitchW=+3.2 rollW=+1.3
09-25 19:35:21.656 [PHONE] yawW=+0.3 pitchW=+3.3 rollW=+1.3
09-25 19:35:21.716 [PHONE] yawW=+0.2 pitchW=+3.4 rollW=+1.4
09-25 19:35:21.776 [PHONE] yawW=+0.1 pitchW=+3.3 rollW=+1.4
09-25 19:35:21.836 [PHONE] yawW=+0.2 pitchW=+3.7 rollW=+1.1
09-25 19:35:21.897 [PHONE] yawW=+0.1 pitchW=+3.7 rollW=+1.0
09-25 19:35:21.910 [DATA] o2=15577 o3=9501 | o2n=+293 o3n=-624 | pitch=-0.9 yaw=+2.6
09-25 19:35:21.913 [POSE] raw p=-0.9 y=+2.6 | lim p=-0.5 y=+3.8 | send p=+0.5 y=-3.8
09-25 19:35:21.960 [PHONE] yawW=+0.2 pitchW=+2.9 rollW=+1.2
09-25 19:35:22.018 [PHONE] yawW=+0.2 pitchW=+2.6 rollW=+1.3
09-25 19:35:22.079 [PHONE] yawW=+0.2 pitchW=+2.1 rollW=+1.1
09-25 19:35:22.139 [PHONE] yawW=+0.2 pitchW=+0.5 rollW=+0.8
09-25 19:35:22.199 [PHONE] yawW=+0.0 pitchW=-1.0 rollW=+0.9
09-25 19:35:22.261 [PHONE] yawW=+0.3 pitchW=-3.1 rollW=+1.4
09-25 19:35:22.320 [PHONE] yawW=-0.0 pitchW=-5.7 rollW=+2.0
09-25 19:35:22.380 [PHONE] yawW=-0.5 pitchW=-7.7 rollW=+2.0
09-25 19:35:22.440 [PHONE] yawW=-0.7 pitchW=-9.9 rollW=+1.3
09-25 19:35:22.502 [DATA] o2=12142 o3=12210 | o2n=-3142 o3n=+2085 | pitch=-3.0 yaw=-14.7
09-25 19:35:22.502 [PHONE] yawW=-0.5 pitchW=-12.5 rollW=+0.8
09-25 19:35:22.503 [POSE] raw p=-3.0 y=-14.7 | lim p=-0.0 y=-11.2 | send p=+0.0 y=+11.2
09-25 19:35:22.562 [PHONE] yawW=-0.3 pitchW=-15.3 rollW=+0.1
09-25 19:35:22.623 [PHONE] yawW=+0.1 pitchW=-18.1 rollW=-0.4
09-25 19:35:22.683 [PHONE] yawW=-0.1 pitchW=-20.2 rollW=-0.8
09-25 19:35:22.744 [PHONE] yawW=+0.2 pitchW=-22.5 rollW=-1.3
09-25 19:35:22.803 [PHONE] yawW=+0.4 pitchW=-24.7 rollW=-1.9
09-25 19:35:22.864 [PHONE] yawW=+0.6 pitchW=-27.3 rollW=-2.4
09-25 19:35:22.924 [PHONE] yawW=+0.6 pitchW=-30.2 rollW=-2.5
09-25 19:35:22.986 [PHONE] yawW=+1.0 pitchW=-32.8 rollW=-3.1
09-25 19:35:23.045 [PHONE] yawW=+1.7 pitchW=-35.6 rollW=-4.1
09-25 19:35:23.108 [PHONE] yawW=+2.1 pitchW=-38.2 rollW=-4.9
09-25 19:35:23.126 [DATA] o2=6228 o3=16418 | o2n=-9056 o3n=+6293 | pitch=-7.8 yaw=-43.2
09-25 19:35:23.127 [POSE] raw p=-7.8 y=-43.2 | lim p=+1.1 y=-26.2 | send p=-1.1 y=+26.2
09-25 19:35:23.167 [PHONE] yawW=+2.4 pitchW=-40.8 rollW=-5.9
09-25 19:35:23.227 [PHONE] yawW=+3.2 pitchW=-43.6 rollW=-6.9
09-25 19:35:23.288 [PHONE] yawW=+3.6 pitchW=-46.4 rollW=-7.4
09-25 19:35:23.349 [PHONE] yawW=+4.2 pitchW=-49.5 rollW=-7.9
09-25 19:35:23.410 [PHONE] yawW=+4.6 pitchW=-52.5 rollW=-8.5
09-25 19:35:23.470 [PHONE] yawW=+5.2 pitchW=-55.8 rollW=-9.0
09-25 19:35:23.530 [PHONE] yawW=+6.3 pitchW=-59.0 rollW=-9.9
09-25 19:35:23.590 [PHONE] yawW=+6.8 pitchW=-62.0 rollW=-10.6
09-25 19:35:23.652 [PHONE] yawW=+6.9 pitchW=-65.0 rollW=-11.2
09-25 19:35:23.711 [PHONE] yawW=+6.9 pitchW=-67.8 rollW=-11.6
09-25 19:35:23.740 [DATA] o2=-208 o3=19744 | o2n=-15492 o3n=+9619 | pitch=-16.5 yaw=-70.6
09-25 19:35:23.741 [POSE] raw p=-16.5 y=-70.6 | lim p=-5.9 y=-41.2 | send p=+5.9 y=+41.2
09-25 19:35:23.773 [PHONE] yawW=+8.4 pitchW=-70.2 rollW=-13.4
09-25 19:35:23.832 [PHONE] yawW=+10.9 pitchW=-72.1 rollW=-16.1
09-25 19:35:23.893 [PHONE] yawW=+13.9 pitchW=-74.3 rollW=-19.2
09-25 19:35:23.953 [PHONE] yawW=+17.4 pitchW=-76.1 rollW=-22.6
09-25 19:35:24.014 [PHONE] yawW=+20.4 pitchW=-76.6 rollW=-25.5
09-25 19:35:24.075 [PHONE] yawW=+22.6 pitchW=-77.2 rollW=-27.3
09-25 19:35:24.135 [PHONE] yawW=+21.7 pitchW=-77.8 rollW=-26.0
09-25 19:35:24.196 [PHONE] yawW=+20.9 pitchW=-77.7 rollW=-24.7
09-25 19:35:24.256 [PHONE] yawW=+21.4 pitchW=-77.8 rollW=-24.6
09-25 19:35:24.316 [PHONE] yawW=+24.0 pitchW=-77.7 rollW=-27.4
09-25 19:35:24.370 [DATA] o2=-2528 o3=20631 | o2n=-17812 o3n=+10506 | pitch=-20.5 yaw=-79.6
09-25 19:35:24.372 [POSE] raw p=-20.5 y=-79.6 | lim p=-10.2 y=-56.2 | send p=+10.2 y=+56.2
09-25 19:35:24.377 [PHONE] yawW=+26.6 pitchW=-77.2 rollW=-29.9
09-25 19:35:24.436 [PHONE] yawW=+27.9 pitchW=-77.6 rollW=-31.2
09-25 19:35:24.517 [PHONE] yawW=+27.9 pitchW=-78.4 rollW=-31.2
09-25 19:35:24.578 [PHONE] yawW=+29.9 pitchW=-79.0 rollW=-32.4
09-25 19:35:24.638 [PHONE] yawW=+31.8 pitchW=-79.1 rollW=-33.9
09-25 19:35:24.699 [PHONE] yawW=+32.0 pitchW=-78.9 rollW=-34.2
09-25 19:35:24.760 [PHONE] yawW=+31.7 pitchW=-78.4 rollW=-33.7
09-25 19:35:24.822 [PHONE] yawW=+30.2 pitchW=-78.2 rollW=-32.8
09-25 19:35:24.880 [PHONE] yawW=+28.6 pitchW=-78.2 rollW=-31.8
09-25 19:35:24.941 [PHONE] yawW=+27.4 pitchW=-78.1 rollW=-31.2
09-25 19:35:24.994 [DATA] o2=-2996 o3=21155 | o2n=-18280 o3n=+11030 | pitch=-20.4 yaw=-82.4
09-25 19:35:24.995 [POSE] raw p=-20.4 y=-82.4 | lim p=-9.5 y=-71.2 | send p=+9.5 y=+71.2
09-25 19:35:25.001 [PHONE] yawW=+30.4 pitchW=-78.1 rollW=-34.1
09-25 19:35:25.063 [PHONE] yawW=+33.1 pitchW=-78.6 rollW=-36.5
09-25 19:35:25.123 [PHONE] yawW=+35.4 pitchW=-79.1 rollW=-38.5
09-25 19:35:25.184 [PHONE] yawW=+36.1 pitchW=-79.1 rollW=-39.0
09-25 19:35:25.244 [PHONE] yawW=+33.9 pitchW=-78.5 rollW=-36.9
09-25 19:35:25.308 [PHONE] yawW=+31.7 pitchW=-78.3 rollW=-35.3
09-25 19:35:25.364 [PHONE] yawW=+31.3 pitchW=-78.3 rollW=-35.5
09-25 19:35:25.425 [PHONE] yawW=+29.8 pitchW=-78.0 rollW=-34.1
09-25 19:35:25.485 [PHONE] yawW=+28.7 pitchW=-77.4 rollW=-33.0
09-25 19:35:25.546 [PHONE] yawW=+28.6 pitchW=-76.7 rollW=-32.9
09-25 19:35:25.589 [DATA] o2=-2502 o3=20852 | o2n=-17786 o3n=+10727 | pitch=-19.9 yaw=-80.2
09-25 19:35:25.590 [POSE] raw p=-19.9 y=-80.2 | lim p=-9.3 y=-86.2 | send p=+9.3 y=+80.2
09-25 19:35:25.606 [PHONE] yawW=+25.0 pitchW=-74.5 rollW=-29.3
09-25 19:35:25.668 [PHONE] yawW=+21.6 pitchW=-72.9 rollW=-25.9
09-25 19:35:25.728 [PHONE] yawW=+19.3 pitchW=-71.6 rollW=-23.5
09-25 19:35:25.787 [PHONE] yawW=+14.9 pitchW=-68.1 rollW=-19.0
09-25 19:35:25.848 [PHONE] yawW=+13.4 pitchW=-64.5 rollW=-17.0
09-25 19:35:25.910 [PHONE] yawW=+11.6 pitchW=-60.7 rollW=-15.2
09-25 19:35:25.970 [PHONE] yawW=+8.9 pitchW=-56.6 rollW=-12.7
09-25 19:35:26.030 [PHONE] yawW=+7.1 pitchW=-52.4 rollW=-10.6
09-25 19:35:26.090 [PHONE] yawW=+5.9 pitchW=-47.9 rollW=-9.4
09-25 19:35:26.152 [PHONE] yawW=+3.8 pitchW=-44.0 rollW=-7.8
09-25 19:35:26.212 [PHONE] yawW=+1.9 pitchW=-39.8 rollW=-6.4
09-25 19:35:26.226 [DATA] o2=4859 o3=16936 | o2n=-10425 o3n=+6811 | pitch=-10.2 yaw=-48.5
09-25 19:35:26.227 [POSE] raw p=-10.2 y=-48.5 | lim p=-0.6 y=-71.2 | send p=+0.6 y=+65.2
09-25 19:35:26.293 [PHONE] yawW=+1.3 pitchW=-35.7 rollW=-5.4
09-25 19:35:26.353 [PHONE] yawW=+0.5 pitchW=-31.6 rollW=-4.5
09-25 19:35:26.413 [PHONE] yawW=-0.3 pitchW=-25.5 rollW=-3.5
09-25 19:35:26.474 [PHONE] yawW=-0.6 pitchW=-21.9 rollW=-2.6
09-25 19:35:26.534 [PHONE] yawW=-0.9 pitchW=-18.4 rollW=-2.1
09-25 19:35:26.595 [PHONE] yawW=-1.3 pitchW=-14.5 rollW=-2.3
09-25 19:35:26.654 [PHONE] yawW=-1.9 pitchW=-11.0 rollW=-2.3
09-25 19:35:26.715 [PHONE] yawW=-2.4 pitchW=-8.2 rollW=-2.0
09-25 19:35:26.776 [PHONE] yawW=-2.6 pitchW=-5.9 rollW=-1.3
09-25 19:35:26.837 [PHONE] yawW=-2.4 pitchW=-2.9 rollW=-0.9
09-25 19:35:26.847 [DATA] o2=12490 o3=11918 | o2n=-2794 o3n=+1793 | pitch=-2.8 yaw=-12.9
09-25 19:35:26.849 [POSE] raw p=-2.8 y=-12.9 | lim p=-0.3 y=-56.2 | send p=+0.3 y=+50.2
09-25 19:35:26.897 [PHONE] yawW=-2.2 pitchW=-0.7 rollW=-0.2
09-25 19:35:26.962 [PHONE] yawW=-2.2 pitchW=+0.6 rollW=+0.4
09-25 19:35:27.019 [PHONE] yawW=-2.5 pitchW=+1.9 rollW=+0.9
09-25 19:35:27.080 [PHONE] yawW=-2.5 pitchW=+3.8 rollW=+1.0
09-25 19:35:27.140 [PHONE] yawW=-2.3 pitchW=+4.8 rollW=+1.0
09-25 19:35:27.200 [PHONE] yawW=-2.1 pitchW=+5.5 rollW=+0.8
09-25 19:35:27.260 [PHONE] yawW=-1.5 pitchW=+5.7 rollW=+1.0
09-25 19:35:27.321 [PHONE] yawW=-1.6 pitchW=+5.9 rollW=+1.4
09-25 19:35:27.381 [PHONE] yawW=-1.8 pitchW=+5.3 rollW=+1.5
09-25 19:35:27.442 [PHONE] yawW=-1.6 pitchW=+5.4 rollW=+1.1
09-25 19:35:27.455 [DATA] o2=14058 o3=10498 | o2n=-1226 o3n=+373 | pitch=-2.4 yaw=-4.5
09-25 19:35:27.456 [POSE] raw p=-2.4 y=-4.5 | lim p=-1.9 y=-41.2 | send p=+1.9 y=+35.2
09-25 19:35:27.501 [PHONE] yawW=-1.2 pitchW=+6.1 rollW=+0.3
09-25 19:35:27.562 [PHONE] yawW=-1.8 pitchW=+6.3 rollW=-0.3
09-25 19:35:27.623 [PHONE] yawW=-2.3 pitchW=+6.0 rollW=-0.4
09-25 19:35:27.683 [PHONE] yawW=-1.9 pitchW=+6.3 rollW=-0.7
09-25 19:35:27.743 [PHONE] yawW=-1.3 pitchW=+6.7 rollW=-1.0
09-25 19:35:27.804 [PHONE] yawW=-1.3 pitchW=+7.2 rollW=-1.2
09-25 19:35:27.864 [PHONE] yawW=-1.2 pitchW=+7.7 rollW=-1.3
09-25 19:35:27.925 [PHONE] yawW=-1.0 pitchW=+7.8 rollW=-1.3
09-25 19:35:27.986 [PHONE] yawW=-0.5 pitchW=+7.8 rollW=-1.0
09-25 19:35:28.046 [PHONE] yawW=-0.5 pitchW=+8.1 rollW=-1.2
09-25 19:35:28.080 [DATA] o2=14433 o3=9990 | o2n=-851 o3n=-135 | pitch=-2.8 yaw=-2.0
09-25 19:35:28.081 [POSE] raw p=-2.8 y=-2.0 | lim p=-3.1 y=-26.2 | send p=+3.1 y=+20.2
09-25 19:35:28.106 [PHONE] yawW=-0.6 pitchW=+8.8 rollW=-1.7
09-25 19:35:28.168 [PHONE] yawW=-0.9 pitchW=+9.3 rollW=-1.9
09-25 19:35:28.229 [PHONE] yawW=-0.8 pitchW=+9.9 rollW=-2.2
09-25 19:35:28.289 [PHONE] yawW=-0.8 pitchW=+10.7 rollW=-2.3
09-25 19:35:28.350 [PHONE] yawW=-0.9 pitchW=+11.6 rollW=-2.5
09-25 19:35:28.409 [PHONE] yawW=-1.2 pitchW=+13.1 rollW=-2.5
09-25 19:35:28.471 [PHONE] yawW=-1.6 pitchW=+15.1 rollW=-2.5
09-25 19:35:28.530 [PHONE] yawW=-1.5 pitchW=+17.5 rollW=-2.0
09-25 19:35:28.590 [PHONE] yawW=-1.6 pitchW=+20.8 rollW=-1.9
09-25 19:35:28.651 [PHONE] yawW=-1.9 pitchW=+24.8 rollW=-1.8
09-25 19:35:28.699 [DATA] o2=17192 o3=7219 | o2n=+1908 o3n=-2906 | pitch=-2.8 yaw=+13.5
09-25 19:35:28.699 [POSE] raw p=-2.8 y=+13.5 | lim p=-0.1 y=-11.2 | send p=+0.1 y=+5.2
09-25 19:35:28.712 [PHONE] yawW=-2.2 pitchW=+29.6 rollW=-1.6
09-25 19:35:28.772 [PHONE] yawW=-2.5 pitchW=+34.9 rollW=-1.2
09-25 19:35:28.833 [PHONE] yawW=-2.8 pitchW=+40.0 rollW=-0.5
09-25 19:35:28.894 [PHONE] yawW=-3.3 pitchW=+43.6 rollW=-0.6
09-25 19:35:28.956 [PHONE] yawW=-3.4 pitchW=+51.3 rollW=-0.6
09-25 19:35:29.017 [PHONE] yawW=-3.0 pitchW=+56.9 rollW=+0.1
09-25 19:35:29.074 [PHONE] yawW=-1.9 pitchW=+62.6 rollW=+2.0
09-25 19:35:29.135 [PHONE] yawW=+0.4 pitchW=+67.5 rollW=+4.9
09-25 19:35:29.196 [PHONE] yawW=+2.7 pitchW=+72.3 rollW=+7.6
09-25 19:35:29.257 [PHONE] yawW=+7.3 pitchW=+77.0 rollW=+13.2
09-25 19:35:29.306 [DATA] o2=23866 o3=-2605 | o2n=+8582 o3n=-12730 | pitch=-11.7 yaw=+59.9
09-25 19:35:29.307 [POSE] raw p=-11.7 y=+59.9 | lim p=+0.4 y=+3.8 | send p=-0.4 y=-9.8
09-25 19:35:29.316 [PHONE] yawW=+16.5 pitchW=+81.0 rollW=+23.5
09-25 19:35:29.378 [PHONE] yawW=+42.0 pitchW=+84.2 rollW=+49.3
09-25 19:35:29.439 [PHONE] yawW=+81.4 pitchW=+85.1 rollW=+89.1
09-25 19:35:29.519 [PHONE] yawW=+114.2 pitchW=+83.9 rollW=+122.2
09-25 19:35:29.579 [PHONE] yawW=+135.4 pitchW=+81.6 rollW=+144.2
09-25 19:35:29.640 [PHONE] yawW=+143.1 pitchW=+80.3 rollW=+152.7
09-25 19:35:29.701 [PHONE] yawW=+147.2 pitchW=+77.9 rollW=+157.5
09-25 19:35:29.761 [PHONE] yawW=+146.3 pitchW=+76.8 rollW=+155.9
09-25 19:35:29.822 [PHONE] yawW=+145.6 pitchW=+76.2 rollW=+155.4
09-25 19:35:29.882 [PHONE] yawW=+148.4 pitchW=+75.1 rollW=+157.6
09-25 19:35:29.933 [DATA] o2=25604 o3=-5813 | o2n=+10320 o3n=-15938 | pitch=-15.8 yaw=+73.9
09-25 19:35:29.933 [POSE] raw p=-15.8 y=+73.9 | lim p=-4.9 y=+18.8 | send p=+4.9 y=-24.8
09-25 19:35:29.942 [PHONE] yawW=+151.3 pitchW=+73.8 rollW=+160.2
09-25 19:35:30.003 [PHONE] yawW=+151.4 pitchW=+73.3 rollW=+159.4
09-25 19:35:30.062 [PHONE] yawW=+148.6 pitchW=+73.4 rollW=+155.7
09-25 19:35:30.124 [PHONE] yawW=+146.0 pitchW=+73.7 rollW=+152.0
09-25 19:35:30.185 [PHONE] yawW=+146.2 pitchW=+74.0 rollW=+151.6
09-25 19:35:30.245 [PHONE] yawW=+147.3 pitchW=+74.1 rollW=+153.0
09-25 19:35:30.304 [PHONE] yawW=+147.4 pitchW=+73.7 rollW=+153.2
09-25 19:35:30.365 [PHONE] yawW=+149.1 pitchW=+72.8 rollW=+155.2
09-25 19:35:30.426 [PHONE] yawW=+149.8 pitchW=+72.7 rollW=+155.7
09-25 19:35:30.487 [PHONE] yawW=+150.6 pitchW=+72.4 rollW=+156.6
09-25 19:35:30.558 [DATA] o2=25694 o3=-6759 | o2n=+10410 o3n=-16884 | pitch=-18.2 yaw=+76.8
09-25 19:35:30.558 [POSE] raw p=-18.2 y=+76.8 | lim p=-7.8 y=+33.8 | send p=+7.8 y=-39.8
09-25 19:35:30.568 [PHONE] yawW=+150.7 pitchW=+72.4 rollW=+156.6
09-25 19:35:30.630 [PHONE] yawW=+150.5 pitchW=+71.9 rollW=+156.2
09-25 19:35:30.688 [PHONE] yawW=+150.4 pitchW=+72.1 rollW=+155.6
09-25 19:35:30.749 [PHONE] yawW=+150.9 pitchW=+72.1 rollW=+155.9
09-25 19:35:30.810 [PHONE] yawW=+151.3 pitchW=+72.4 rollW=+156.2
09-25 19:35:30.873 [PHONE] yawW=+151.7 pitchW=+72.4 rollW=+156.6
09-25 19:35:30.930 [PHONE] yawW=+152.5 pitchW=+72.3 rollW=+157.4
09-25 19:35:30.990 [PHONE] yawW=+153.2 pitchW=+72.2 rollW=+158.2
09-25 19:35:31.051 [PHONE] yawW=+153.5 pitchW=+72.1 rollW=+158.8
09-25 19:35:31.112 [PHONE] yawW=+154.1 pitchW=+72.2 rollW=+159.6
09-25 19:35:31.146 [DATA] o2=25685 o3=-7155 | o2n=+10401 o3n=-17280 | pitch=-19.3 yaw=+77.9
09-25 19:35:31.147 [POSE] raw p=-19.3 y=+77.9 | lim p=-9.1 y=+48.8 | send p=+9.1 y=-54.8
09-25 19:35:31.171 [PHONE] yawW=+154.5 pitchW=+72.1 rollW=+160.0
09-25 19:35:31.232 [PHONE] yawW=+154.6 pitchW=+72.0 rollW=+160.1
09-25 19:35:31.293 [PHONE] yawW=+155.6 pitchW=+72.2 rollW=+161.1
09-25 19:35:31.355 [PHONE] yawW=+157.3 pitchW=+72.8 rollW=+162.6
09-25 19:35:31.413 [PHONE] yawW=+157.9 pitchW=+73.6 rollW=+163.1
09-25 19:35:31.477 [PHONE] yawW=+157.8 pitchW=+73.7 rollW=+162.6
09-25 19:35:31.534 [PHONE] yawW=+157.3 pitchW=+73.7 rollW=+161.7
09-25 19:35:31.596 [PHONE] yawW=+157.0 pitchW=+73.8 rollW=+160.8
09-25 19:35:31.656 [PHONE] yawW=+156.5 pitchW=+73.6 rollW=+160.0
09-25 19:35:31.717 [PHONE] yawW=+156.6 pitchW=+73.3 rollW=+159.5
09-25 19:35:31.765 [DATA] o2=25832 o3=-7277 | o2n=+10548 o3n=-17402 | pitch=-19.3 yaw=+78.6
09-25 19:35:31.765 [POSE] raw p=-19.3 y=+78.6 | lim p=-8.9 y=+63.8 | send p=+8.9 y=-69.8
09-25 19:35:31.776 [PHONE] yawW=+156.7 pitchW=+73.3 rollW=+158.7
09-25 19:35:31.836 [PHONE] yawW=+155.0 pitchW=+73.7 rollW=+156.8
09-25 19:35:31.900 [PHONE] yawW=+151.6 pitchW=+74.5 rollW=+152.9
09-25 19:35:31.958 [PHONE] yawW=+146.2 pitchW=+76.0 rollW=+146.6
09-25 19:35:32.039 [PHONE] yawW=+136.1 pitchW=+78.7 rollW=+136.2
09-25 19:35:32.100 [PHONE] yawW=+115.9 pitchW=+81.5 rollW=+115.7
09-25 19:35:32.181 [PHONE] yawW=+58.3 pitchW=+81.5 rollW=+57.8
09-25 19:35:32.241 [PHONE] yawW=+24.3 pitchW=+74.3 rollW=+24.2
09-25 19:35:32.301 [PHONE] yawW=+15.0 pitchW=+67.0 rollW=+14.5
09-25 19:35:32.361 [PHONE] yawW=+10.3 pitchW=+58.6 rollW=+9.6
09-25 19:35:32.380 [DATA] o2=22383 o3=126 | o2n=+7099 o3n=-9999 | pitch=-8.2 yaw=+48.1
09-25 19:35:32.380 [POSE] raw p=-8.2 y=+48.1 | lim p=+1.9 y=+48.8 | send p=-1.9 y=-54.8
09-25 19:35:32.402 [MA] guide return 1
09-25 19:35:32.421 [PHONE] yawW=+7.8 pitchW=+49.6 rollW=+7.1
09-25 19:35:32.482 [PHONE] yawW=+6.4 pitchW=+41.7 rollW=+5.6
09-25 19:35:32.542 [PHONE] yawW=+5.7 pitchW=+34.7 rollW=+4.6
09-25 19:35:32.603 [PHONE] yawW=+5.5 pitchW=+28.5 rollW=+3.6
09-25 19:35:32.663 [PHONE] yawW=+5.6 pitchW=+24.0 rollW=+2.9
09-25 19:35:32.725 [PHONE] yawW=+5.3 pitchW=+20.9 rollW=+2.5
09-25 19:35:32.785 [PHONE] yawW=+5.5 pitchW=+18.7 rollW=+2.5
09-25 19:35:32.844 [PHONE] yawW=+5.4 pitchW=+17.9 rollW=+2.6
09-25 19:35:32.905 [PHONE] yawW=+5.5 pitchW=+17.7 rollW=+2.6
09-25 19:35:32.966 [PHONE] yawW=+4.8 pitchW=+17.6 rollW=+2.4
09-25 19:35:32.981 [DATA] o2=17521 o3=8112 | o2n=+2237 o3n=-2013 | pitch=+0.6 yaw=+12.0
09-25 19:35:32.981 [POSE] raw p=+0.6 y=+12.0 | lim p=+3.9 y=+33.8 | send p=-3.9 y=-39.8
09-25 19:35:33.027 [PHONE] yawW=+4.3 pitchW=+18.2 rollW=+2.2
09-25 19:35:33.086 [PHONE] yawW=+3.9 pitchW=+18.9 rollW=+2.0
09-25 19:35:33.147 [PHONE] yawW=+3.7 pitchW=+19.3 rollW=+1.8
09-25 19:35:33.210 [PHONE] yawW=+3.6 pitchW=+19.9 rollW=+1.8
09-25 19:35:33.269 [PHONE] yawW=+3.7 pitchW=+19.9 rollW=+2.0
09-25 19:35:33.330 [PHONE] yawW=+3.6 pitchW=+19.9 rollW=+2.1
09-25 19:35:33.392 [PHONE] yawW=+3.5 pitchW=+19.9 rollW=+1.9
09-25 19:35:33.451 [PHONE] yawW=+3.5 pitchW=+19.9 rollW=+1.8
09-25 19:35:33.511 [PHONE] yawW=+3.1 pitchW=+19.9 rollW=+1.8
09-25 19:35:33.571 [PHONE] yawW=+3.1 pitchW=+20.1 rollW=+1.7
09-25 19:35:33.608 [DATA] o2=17610 o3=7594 | o2n=+2326 o3n=-2531 | pitch=-0.6 yaw=+13.7
09-25 19:35:33.609 [POSE] raw p=-0.6 y=+13.7 | lim p=+2.8 y=+18.8 | send p=-2.8 y=-24.8
09-25 19:35:33.631 [PHONE] yawW=+3.1 pitchW=+20.1 rollW=+1.8
09-25 19:35:33.693 [PHONE] yawW=+3.1 pitchW=+20.2 rollW=+1.8
09-25 19:35:33.753 [PHONE] yawW=+3.2 pitchW=+20.4 rollW=+1.8
09-25 19:35:33.814 [PHONE] yawW=+3.0 pitchW=+20.6 rollW=+1.8
09-25 19:35:33.874 [PHONE] yawW=+2.8 pitchW=+20.6 rollW=+1.8
09-25 19:35:33.933 [PHONE] yawW=+2.7 pitchW=+20.7 rollW=+1.7
09-25 19:35:33.996 [PHONE] yawW=+2.7 pitchW=+20.7 rollW=+1.6
09-25 19:35:34.055 [PHONE] yawW=+2.6 pitchW=+20.6 rollW=+1.5
09-25 19:35:34.116 [PHONE] yawW=+2.5 pitchW=+20.6 rollW=+1.4
09-25 19:35:34.181 [PHONE] yawW=+2.3 pitchW=+20.6 rollW=+1.3
09-25 19:35:34.235 [DATA] o2=17477 o3=7473 | o2n=+2193 o3n=-2652 | pitch=-1.3 yaw=+13.6
09-25 19:35:34.236 [PHONE] yawW=+2.2 pitchW=+20.7 rollW=+1.1
09-25 19:35:34.236 [POSE] raw p=-1.3 y=+13.6 | lim p=+1.9 y=+13.6 | send p=-1.9 y=-13.6
09-25 19:35:34.298 [PHONE] yawW=+2.3 pitchW=+20.7 rollW=+1.1
09-25 19:35:34.358 [PHONE] yawW=+2.6 pitchW=+20.8 rollW=+1.0
09-25 19:35:34.420 [PHONE] yawW=+2.9 pitchW=+20.9 rollW=+1.0
09-25 19:35:34.441 [MA] guide action 2/3
09-25 19:35:34.478 [PHONE] yawW=+3.1 pitchW=+21.0 rollW=+1.1
09-25 19:35:34.539 [PHONE] yawW=+3.2 pitchW=+21.0 rollW=+1.2
09-25 19:35:34.600 [PHONE] yawW=+3.3 pitchW=+21.2 rollW=+1.4
09-25 19:35:34.661 [PHONE] yawW=+3.4 pitchW=+21.2 rollW=+1.6
09-25 19:35:34.720 [PHONE] yawW=+3.5 pitchW=+21.1 rollW=+1.7
09-25 19:35:34.781 [PHONE] yawW=+3.7 pitchW=+21.1 rollW=+1.8
09-25 19:35:34.831 [DATA] o2=17603 o3=7374 | o2n=+2319 o3n=-2751 | pitch=-1.2 yaw=+14.3
09-25 19:35:34.831 [POSE] raw p=-1.2 y=+14.3 | lim p=+2.1 y=+14.3 | send p=-2.1 y=-14.3
09-25 19:35:34.841 [PHONE] yawW=+4.0 pitchW=+21.0 rollW=+1.9
09-25 19:35:34.902 [PHONE] yawW=+4.1 pitchW=+21.1 rollW=+1.9
09-25 19:35:34.963 [PHONE] yawW=+4.0 pitchW=+21.2 rollW=+1.9
09-25 19:35:35.023 [PHONE] yawW=+3.8 pitchW=+21.4 rollW=+1.8
09-25 19:35:35.083 [PHONE] yawW=+3.8 pitchW=+21.5 rollW=+1.8
09-25 19:35:35.144 [PHONE] yawW=+4.1 pitchW=+21.6 rollW=+1.9
09-25 19:35:35.204 [PHONE] yawW=+4.3 pitchW=+21.6 rollW=+1.9
09-25 19:35:35.267 [PHONE] yawW=+4.5 pitchW=+21.7 rollW=+1.8
09-25 19:35:35.325 [PHONE] yawW=+4.4 pitchW=+21.8 rollW=+1.6
09-25 19:35:35.385 [PHONE] yawW=+4.3 pitchW=+22.0 rollW=+1.5
09-25 19:35:35.446 [PHONE] yawW=+4.3 pitchW=+22.1 rollW=+1.4
09-25 19:35:35.467 [DATA] o2=17827 o3=7311 | o2n=+2543 o3n=-2814 | pitch=-0.8 yaw=+15.1
09-25 19:35:35.468 [POSE] raw p=-0.8 y=+15.1 | lim p=+2.9 y=+15.1 | send p=-2.9 y=-15.1
09-25 19:35:35.508 [PHONE] yawW=+4.3 pitchW=+22.1 rollW=+1.5
09-25 19:35:35.567 [PHONE] yawW=+4.4 pitchW=+22.2 rollW=+1.6
09-25 19:35:35.627 [PHONE] yawW=+4.5 pitchW=+22.2 rollW=+1.6
09-25 19:35:35.691 [PHONE] yawW=+4.4 pitchW=+22.4 rollW=+1.5
09-25 19:35:35.749 [PHONE] yawW=+4.5 pitchW=+22.5 rollW=+1.5
09-25 19:35:35.809 [PHONE] yawW=+4.5 pitchW=+22.6 rollW=+1.5
09-25 19:35:35.890 [PHONE] yawW=+4.8 pitchW=+22.6 rollW=+1.7
09-25 19:35:35.950 [PHONE] yawW=+5.0 pitchW=+22.6 rollW=+1.7
09-25 19:35:36.034 [PHONE] yawW=+5.1 pitchW=+22.6 rollW=+1.8
09-25 19:35:36.071 [DATA] o2=18005 o3=7360 | o2n=+2721 o3n=-2765 | pitch=-0.1 yaw=+15.4
09-25 19:35:36.073 [POSE] raw p=-0.1 y=+15.4 | lim p=+3.9 y=+15.4 | send p=-3.9 y=-15.4
09-25 19:35:36.095 [PHONE] yawW=+5.1 pitchW=+22.6 rollW=+1.8
09-25 19:35:36.152 [PHONE] yawW=+5.5 pitchW=+22.7 rollW=+1.9
09-25 19:35:36.213 [PHONE] yawW=+6.2 pitchW=+22.9 rollW=+1.7
09-25 19:35:36.273 [PHONE] yawW=+7.2 pitchW=+23.3 rollW=+1.7
09-25 19:35:36.334 [PHONE] yawW=+9.3 pitchW=+23.7 rollW=+2.0
09-25 19:35:36.395 [PHONE] yawW=+11.6 pitchW=+23.2 rollW=+1.8
09-25 19:35:36.479 [PHONE] yawW=+15.0 pitchW=+23.6 rollW=+1.7
09-25 19:35:36.536 [PHONE] yawW=+19.6 pitchW=+23.8 rollW=+1.8
09-25 19:35:36.595 [PHONE] yawW=+23.6 pitchW=+22.5 rollW=+2.1
09-25 19:35:36.656 [PHONE] yawW=+27.7 pitchW=+22.0 rollW=+2.6
09-25 19:35:36.698 [DATA] o2=20210 o3=11242 | o2n=+4926 o3n=+1117 | pitch=+17.0 yaw=+10.7
09-25 19:35:36.698 [POSE] raw p=+17.0 y=+10.7 | lim p=+24.9 y=+10.7 | send p=-24.9 y=-10.7
09-25 19:35:36.716 [PHONE] yawW=+31.0 pitchW=+22.0 rollW=+2.5
09-25 19:35:36.776 [PHONE] yawW=+33.6 pitchW=+21.7 rollW=+3.1
09-25 19:35:36.837 [PHONE] yawW=+36.0 pitchW=+21.3 rollW=+3.3
09-25 19:35:36.898 [PHONE] yawW=+39.3 pitchW=+21.5 rollW=+4.3
09-25 19:35:36.959 [PHONE] yawW=+42.5 pitchW=+21.5 rollW=+4.0
09-25 19:35:37.018 [PHONE] yawW=+44.8 pitchW=+20.6 rollW=+3.1
09-25 19:35:37.079 [PHONE] yawW=+47.2 pitchW=+21.0 rollW=+2.7
09-25 19:35:37.143 [PHONE] yawW=+48.6 pitchW=+21.1 rollW=+2.7
09-25 19:35:37.200 [PHONE] yawW=+49.8 pitchW=+20.5 rollW=+2.6
09-25 19:35:37.260 [PHONE] yawW=+50.4 pitchW=+20.0 rollW=+1.8
09-25 19:35:37.300 [DATA] o2=21552 o3=16158 | o2n=+6268 o3n=+6033 | pitch=+34.6 yaw=+0.7
09-25 19:35:37.301 [POSE] raw p=+34.6 y=+0.7 | lim p=+45.1 y=+0.7 | send p=-45.1 y=-0.7
09-25 19:35:37.323 [PHONE] yawW=+50.5 pitchW=+19.9 rollW=+2.1
09-25 19:35:37.382 [PHONE] yawW=+50.6 pitchW=+20.0 rollW=+2.3
09-25 19:35:37.462 [PHONE] yawW=+50.6 pitchW=+20.2 rollW=+2.3
09-25 19:35:37.523 [PHONE] yawW=+50.8 pitchW=+20.4 rollW=+2.6
09-25 19:35:37.583 [PHONE] yawW=+51.0 pitchW=+20.5 rollW=+2.5
09-25 19:35:37.643 [PHONE] yawW=+51.1 pitchW=+20.7 rollW=+2.5
09-25 19:35:37.706 [PHONE] yawW=+51.2 pitchW=+20.8 rollW=+2.7
09-25 19:35:37.765 [PHONE] yawW=+51.4 pitchW=+20.6 rollW=+2.5
09-25 19:35:37.831 [PHONE] yawW=+51.3 pitchW=+20.7 rollW=+2.7
09-25 19:35:37.885 [PHONE] yawW=+51.7 pitchW=+20.9 rollW=+2.8
09-25 19:35:37.926 [DATA] o2=21816 o3=16205 | o2n=+6532 o3n=+6080 | pitch=+35.5 yaw=+1.3
09-25 19:35:37.927 [POSE] raw p=+35.5 y=+1.3 | lim p=+46.4 y=+1.3 | send p=-46.4 y=-1.3
09-25 19:35:37.946 [PHONE] yawW=+51.8 pitchW=+20.9 rollW=+2.7
09-25 19:35:38.007 [PHONE] yawW=+51.6 pitchW=+20.9 rollW=+2.6
09-25 19:35:38.068 [PHONE] yawW=+51.1 pitchW=+21.0 rollW=+2.4
09-25 19:35:38.128 [PHONE] yawW=+50.7 pitchW=+21.0 rollW=+2.1
09-25 19:35:38.189 [PHONE] yawW=+50.5 pitchW=+21.5 rollW=+2.3
09-25 19:35:38.248 [PHONE] yawW=+50.0 pitchW=+21.6 rollW=+2.5
09-25 19:35:38.310 [PHONE] yawW=+50.0 pitchW=+21.9 rollW=+2.9
09-25 19:35:38.371 [PHONE] yawW=+49.8 pitchW=+22.0 rollW=+2.9
09-25 19:35:38.430 [PHONE] yawW=+50.1 pitchW=+22.1 rollW=+3.0
09-25 19:35:38.492 [PHONE] yawW=+50.1 pitchW=+22.2 rollW=+3.0
09-25 19:35:38.552 [PHONE] yawW=+50.3 pitchW=+22.1 rollW=+3.0
09-25 19:35:38.557 [DATA] o2=21902 o3=15802 | o2n=+6618 o3n=+5677 | pitch=+34.6 yaw=+2.6
09-25 19:35:38.558 [POSE] raw p=+34.6 y=+2.6 | lim p=+45.6 y=+2.6 | send p=-45.6 y=-2.6
09-25 19:35:38.612 [PHONE] yawW=+50.4 pitchW=+22.1 rollW=+3.2
09-25 19:35:38.673 [PHONE] yawW=+50.6 pitchW=+22.2 rollW=+3.4
09-25 19:35:38.733 [PHONE] yawW=+50.8 pitchW=+22.1 rollW=+3.7
09-25 19:35:38.794 [PHONE] yawW=+50.7 pitchW=+22.2 rollW=+3.8
09-25 19:35:38.857 [PHONE] yawW=+51.0 pitchW=+22.2 rollW=+4.1
09-25 19:35:38.914 [PHONE] yawW=+51.0 pitchW=+22.1 rollW=+4.0
09-25 19:35:38.975 [PHONE] yawW=+51.1 pitchW=+22.3 rollW=+4.1
09-25 19:35:39.035 [PHONE] yawW=+50.7 pitchW=+22.3 rollW=+4.0
09-25 19:35:39.096 [PHONE] yawW=+51.1 pitchW=+22.4 rollW=+4.2
09-25 19:35:39.158 [PHONE] yawW=+51.6 pitchW=+22.2 rollW=+4.5
09-25 19:35:39.166 [DATA] o2=22169 o3=15800 | o2n=+6885 o3n=+5675 | pitch=+35.3 yaw=+3.4
09-25 19:35:39.166 [POSE] raw p=+35.3 y=+3.4 | lim p=+46.8 y=+3.4 | send p=-46.8 y=-3.4
09-25 19:35:39.216 [PHONE] yawW=+51.9 pitchW=+22.4 rollW=+4.8
09-25 19:35:39.277 [PHONE] yawW=+51.8 pitchW=+22.5 rollW=+4.6
09-25 19:35:39.338 [PHONE] yawW=+51.5 pitchW=+22.7 rollW=+4.5
09-25 19:35:39.399 [PHONE] yawW=+51.3 pitchW=+22.7 rollW=+4.0
09-25 19:35:39.461 [PHONE] yawW=+51.3 pitchW=+22.3 rollW=+3.7
09-25 19:35:39.519 [PHONE] yawW=+51.3 pitchW=+21.8 rollW=+3.8
09-25 19:35:39.580 [PHONE] yawW=+51.4 pitchW=+21.7 rollW=+4.2
09-25 19:35:39.640 [PHONE] yawW=+51.2 pitchW=+21.6 rollW=+4.2
09-25 19:35:39.701 [PHONE] yawW=+50.3 pitchW=+21.8 rollW=+4.1
09-25 19:35:39.761 [PHONE] yawW=+48.0 pitchW=+22.2 rollW=+4.2
09-25 19:35:39.794 [DATA] o2=21913 o3=15198 | o2n=+6629 o3n=+5073 | pitch=+32.9 yaw=+4.4
09-25 19:35:39.795 [POSE] raw p=+32.9 y=+4.4 | lim p=+43.9 y=+4.4 | send p=-43.9 y=-4.4
09-25 19:35:39.821 [PHONE] yawW=+44.6 pitchW=+22.6 rollW=+4.1
09-25 19:35:39.882 [PHONE] yawW=+40.1 pitchW=+22.4 rollW=+4.1
09-25 19:35:39.943 [PHONE] yawW=+36.5 pitchW=+23.1 rollW=+4.7
09-25 19:35:40.004 [PHONE] yawW=+31.7 pitchW=+23.7 rollW=+4.5
09-25 19:35:40.064 [PHONE] yawW=+26.0 pitchW=+22.7 rollW=+3.1
09-25 19:35:40.124 [PHONE] yawW=+20.8 pitchW=+24.7 rollW=+4.4
09-25 19:35:40.184 [PHONE] yawW=+15.3 pitchW=+27.3 rollW=+5.4
09-25 19:35:40.244 [PHONE] yawW=+11.7 pitchW=+26.0 rollW=+3.4
09-25 19:35:40.305 [PHONE] yawW=+6.7 pitchW=+24.7 rollW=+1.9
09-25 19:35:40.370 [PHONE] yawW=+2.8 pitchW=+26.4 rollW=+2.3
09-25 19:35:40.394 [DATA] o2=17642 o3=3479 | o2n=+2358 o3n=-6646 | pitch=-12.1 yaw=+25.3
09-25 19:35:40.395 [POSE] raw p=-12.1 y=+25.3 | lim p=-9.1 y=+19.4 | send p=+9.1 y=-19.4
09-25 19:35:40.426 [PHONE] yawW=-2.0 pitchW=+27.4 rollW=+3.0
09-25 19:35:40.489 [PHONE] yawW=-3.6 pitchW=+26.3 rollW=+3.4
09-25 19:35:40.549 [PHONE] yawW=-3.4 pitchW=+25.7 rollW=+3.3
09-25 19:35:40.608 [PHONE] yawW=-3.6 pitchW=+25.8 rollW=+3.9
09-25 19:35:40.669 [PHONE] yawW=-3.5 pitchW=+25.7 rollW=+3.4
09-25 19:35:40.728 [PHONE] yawW=-3.8 pitchW=+25.8 rollW=+3.2
09-25 19:35:40.789 [PHONE] yawW=-3.6 pitchW=+26.3 rollW=+3.4
09-25 19:35:40.850 [PHONE] yawW=-4.1 pitchW=+26.3 rollW=+3.9
09-25 19:35:40.911 [PHONE] yawW=-4.5 pitchW=+26.2 rollW=+4.0
09-25 19:35:40.971 [PHONE] yawW=-4.9 pitchW=+26.3 rollW=+3.8
09-25 19:35:41.005 [DATA] o2=16933 o3=3211 | o2n=+1649 o3n=-6914 | pitch=-14.8 yaw=+24.1
09-25 19:35:41.006 [POSE] raw p=-14.8 y=+24.1 | lim p=-13.0 y=+24.1 | send p=+13.0 y=-24.1
09-25 19:35:41.033 [PHONE] yawW=-5.6 pitchW=+26.5 rollW=+3.2
09-25 19:35:41.092 [PHONE] yawW=-5.9 pitchW=+26.9 rollW=+3.2
09-25 19:35:41.154 [PHONE] yawW=-6.0 pitchW=+27.1 rollW=+3.3
09-25 19:35:41.213 [PHONE] yawW=-6.0 pitchW=+27.0 rollW=+3.7
09-25 19:35:41.275 [PHONE] yawW=-6.4 pitchW=+27.3 rollW=+3.6
09-25 19:35:41.333 [PHONE] yawW=-6.8 pitchW=+27.4 rollW=+3.3
09-25 19:35:41.397 [PHONE] yawW=-7.1 pitchW=+27.4 rollW=+3.1
09-25 19:35:41.455 [PHONE] yawW=-7.2 pitchW=+27.4 rollW=+2.8
09-25 19:35:41.516 [PHONE] yawW=-7.6 pitchW=+27.8 rollW=+2.7
09-25 19:35:41.576 [PHONE] yawW=-8.0 pitchW=+28.0 rollW=+2.5
09-25 19:35:41.623 [DATA] o2=17052 o3=2754 | o2n=+1768 o3n=-7371 | pitch=-15.8 yaw=+25.7
09-25 19:35:41.623 [POSE] raw p=-15.8 y=+25.7 | lim p=-13.8 y=+25.7 | send p=+13.8 y=-25.7
09-25 19:35:41.636 [PHONE] yawW=-8.3 pitchW=+28.2 rollW=+2.6
09-25 19:35:41.700 [PHONE] yawW=-8.7 pitchW=+28.2 rollW=+2.6
09-25 19:35:41.757 [PHONE] yawW=-9.6 pitchW=+28.0 rollW=+2.8
09-25 19:35:41.818 [PHONE] yawW=-10.9 pitchW=+28.0 rollW=+3.0
09-25 19:35:41.880 [PHONE] yawW=-12.6 pitchW=+28.1 rollW=+3.2
09-25 19:35:41.940 [PHONE] yawW=-17.5 pitchW=+28.0 rollW=+1.6
09-25 19:35:42.002 [PHONE] yawW=-20.9 pitchW=+28.0 rollW=+2.7
09-25 19:35:42.060 [PHONE] yawW=-25.1 pitchW=+27.8 rollW=+3.0
09-25 19:35:42.121 [PHONE] yawW=-29.2 pitchW=+27.1 rollW=+3.4
09-25 19:35:42.182 [PHONE] yawW=-33.2 pitchW=+26.4 rollW=+3.8
09-25 19:35:42.241 [PHONE] yawW=-38.0 pitchW=+26.0 rollW=+3.4
09-25 19:35:42.253 [DATA] o2=12202 o3=-2894 | o2n=-3082 o3n=-13019 | pitch=-45.3 yaw=+27.9
09-25 19:35:42.255 [POSE] raw p=-45.3 y=+27.9 | lim p=-51.6 y=+27.9 | send p=+51.6 y=-27.9
09-25 19:35:42.301 [PHONE] yawW=-43.5 pitchW=+25.7 rollW=+2.8
09-25 19:35:42.362 [PHONE] yawW=-49.0 pitchW=+25.2 rollW=+2.3
09-25 19:35:42.422 [PHONE] yawW=-54.6 pitchW=+24.6 rollW=+1.9
09-25 19:35:42.484 [PHONE] yawW=-59.2 pitchW=+24.1 rollW=+2.0
09-25 19:35:42.544 [PHONE] yawW=-63.1 pitchW=+23.5 rollW=+1.7
09-25 19:35:42.604 [PHONE] yawW=-66.9 pitchW=+22.8 rollW=+2.3
09-25 19:35:42.665 [PHONE] yawW=-70.4 pitchW=+22.5 rollW=+2.8
09-25 19:35:42.725 [PHONE] yawW=-74.1 pitchW=+22.4 rollW=+2.7
09-25 19:35:42.788 [PHONE] yawW=-76.6 pitchW=+22.3 rollW=+2.6
09-25 19:35:42.845 [PHONE] yawW=-77.7 pitchW=+22.3 rollW=+3.1
09-25 19:35:42.850 [DATA] o2=4038 o3=-9375 | o2n=-11246 o3n=-19500 | pitch=-86.5 yaw=+23.2
09-25 19:35:42.851 [POSE] raw p=-86.5 y=+23.2 | lim p=-88.2 y=+23.2 | send p=+88.2 y=-23.2
09-25 19:35:42.907 [PHONE] yawW=-78.3 pitchW=+22.5 rollW=+3.1
09-25 19:35:42.967 [PHONE] yawW=-78.5 pitchW=+22.9 rollW=+2.4
09-25 19:35:43.028 [PHONE] yawW=-79.4 pitchW=+23.6 rollW=+1.7
09-25 19:35:43.087 [PHONE] yawW=-79.5 pitchW=+24.2 rollW=+1.5
09-25 19:35:43.149 [PHONE] yawW=-80.0 pitchW=+24.8 rollW=+1.5
09-25 19:35:43.209 [PHONE] yawW=-80.2 pitchW=+25.6 rollW=+1.8
09-25 19:35:43.270 [PHONE] yawW=-80.4 pitchW=+26.0 rollW=+1.9
09-25 19:35:43.330 [PHONE] yawW=-80.2 pitchW=+26.2 rollW=+1.9
09-25 19:35:43.411 [PHONE] yawW=-80.6 pitchW=+26.3 rollW=+1.8
09-25 19:35:43.468 [DATA] o2=4110 o3=-11278 | o2n=-11174 o3n=-21403 | pitch=-91.6 yaw=+28.8
09-25 19:35:43.472 [POSE] raw p=-91.6 y=+28.8 | lim p=-89.0 y=+28.8 | send p=+89.0 y=-28.8
09-25 19:35:43.473 [PHONE] yawW=-80.7 pitchW=+26.2 rollW=+2.2
09-25 19:35:43.532 [PHONE] yawW=-80.9 pitchW=+26.2 rollW=+2.3
09-25 19:35:43.593 [PHONE] yawW=-80.7 pitchW=+26.5 rollW=+2.3
09-25 19:35:43.654 [PHONE] yawW=-80.6 pitchW=+26.6 rollW=+2.4
09-25 19:35:43.714 [PHONE] yawW=-80.8 pitchW=+26.4 rollW=+2.5
09-25 19:35:43.781 [PHONE] yawW=-80.9 pitchW=+26.4 rollW=+2.6
09-25 19:35:43.834 [PHONE] yawW=-81.1 pitchW=+26.4 rollW=+2.6
09-25 19:35:43.894 [PHONE] yawW=-81.0 pitchW=+26.5 rollW=+2.5
09-25 19:35:43.955 [PHONE] yawW=-80.8 pitchW=+26.5 rollW=+2.6
09-25 19:35:44.015 [PHONE] yawW=-80.8 pitchW=+26.5 rollW=+2.4
09-25 19:35:44.076 [PHONE] yawW=-80.6 pitchW=+26.6 rollW=+2.3
09-25 19:35:44.106 [DATA] o2=4048 o3=-11055 | o2n=-11236 o3n=-21180 | pitch=-91.2 yaw=+28.0
09-25 19:35:44.108 [POSE] raw p=-91.2 y=+28.0 | lim p=-88.9 y=+28.0 | send p=+88.9 y=-28.0
09-25 19:35:44.141 [PHONE] yawW=-80.2 pitchW=+26.6 rollW=+2.4
09-25 19:35:44.196 [PHONE] yawW=-79.5 pitchW=+26.7 rollW=+2.4
09-25 19:35:44.258 [PHONE] yawW=-78.6 pitchW=+26.6 rollW=+2.4
09-25 19:35:44.318 [PHONE] yawW=-76.9 pitchW=+26.6 rollW=+2.5
09-25 19:35:44.378 [PHONE] yawW=-75.4 pitchW=+26.6 rollW=+2.5
09-25 19:35:44.439 [PHONE] yawW=-71.4 pitchW=+26.5 rollW=+2.7
09-25 19:35:44.501 [PHONE] yawW=-67.7 pitchW=+26.4 rollW=+2.8
09-25 19:35:44.560 [PHONE] yawW=-63.3 pitchW=+26.6 rollW=+2.9
09-25 19:35:44.624 [PHONE] yawW=-58.0 pitchW=+26.6 rollW=+2.9
09-25 19:35:44.681 [PHONE] yawW=-51.7 pitchW=+26.4 rollW=+3.2
09-25 19:35:44.703 [DATA] o2=9681 o3=-5112 | o2n=-5603 o3n=-15237 | pitch=-58.6 yaw=+27.1
09-25 19:35:44.704 [POSE] raw p=-58.6 y=+27.1 | lim p=-69.2 y=+27.1 | send p=+69.2 y=-27.1
09-25 19:35:44.742 [PHONE] yawW=-45.4 pitchW=+26.5 rollW=+3.3
09-25 19:35:44.802 [PHONE] yawW=-38.6 pitchW=+26.4 rollW=+3.5
09-25 19:35:44.862 [PHONE] yawW=-32.7 pitchW=+25.8 rollW=+3.0
09-25 19:35:44.924 [PHONE] yawW=-25.7 pitchW=+26.0 rollW=+3.5
09-25 19:35:44.984 [PHONE] yawW=-19.4 pitchW=+25.5 rollW=+4.1
09-25 19:35:45.044 [PHONE] yawW=-13.7 pitchW=+26.0 rollW=+4.7
09-25 19:35:45.108 [PHONE] yawW=-8.1 pitchW=+26.1 rollW=+5.2
09-25 19:35:45.165 [PHONE] yawW=-3.4 pitchW=+26.2 rollW=+5.6
09-25 19:35:45.226 [PHONE] yawW=-0.5 pitchW=+26.3 rollW=+5.1
09-25 19:35:45.286 [PHONE] yawW=+1.2 pitchW=+25.9 rollW=+4.6
09-25 19:35:45.346 [PHONE] yawW=+2.3 pitchW=+25.9 rollW=+4.0
09-25 19:35:45.346 [DATA] o2=17690 o3=5102 | o2n=+2406 o3n=-5023 | pitch=-7.4 yaw=+20.9
09-25 19:35:45.347 [POSE] raw p=-7.4 y=+20.9 | lim p=-4.1 y=+20.9 | send p=+4.1 y=-20.9
09-25 19:35:45.406 [PHONE] yawW=+3.0 pitchW=+26.1 rollW=+3.8
09-25 19:35:45.472 [PHONE] yawW=+3.7 pitchW=+26.5 rollW=+3.7
09-25 19:35:45.527 [PHONE] yawW=+4.0 pitchW=+26.5 rollW=+3.8
09-25 19:35:45.590 [PHONE] yawW=+4.2 pitchW=+26.5 rollW=+4.1
09-25 19:35:45.651 [PHONE] yawW=+4.1 pitchW=+26.5 rollW=+4.5
09-25 19:35:45.709 [PHONE] yawW=+4.3 pitchW=+26.4 rollW=+5.4
09-25 19:35:45.769 [PHONE] yawW=+4.6 pitchW=+26.5 rollW=+5.3
09-25 19:35:45.831 [PHONE] yawW=+4.6 pitchW=+26.4 rollW=+5.2
09-25 19:35:45.890 [PHONE] yawW=+4.9 pitchW=+26.5 rollW=+5.3
09-25 19:35:45.928 [DATA] o2=18390 o3=6419 | o2n=+3106 o3n=-3706 | pitch=-1.7 yaw=+19.2
09-25 19:35:45.928 [POSE] raw p=-1.7 y=+19.2 | lim p=+2.8 y=+19.2 | send p=-2.8 y=-19.2
09-25 19:35:45.951 [PHONE] yawW=+4.7 pitchW=+26.5 rollW=+5.0
09-25 19:35:46.011 [PHONE] yawW=+4.9 pitchW=+26.7 rollW=+4.8
09-25 19:35:46.072 [PHONE] yawW=+5.1 pitchW=+26.8 rollW=+4.9
09-25 19:35:46.134 [PHONE] yawW=+5.4 pitchW=+26.9 rollW=+5.1
09-25 19:35:46.196 [PHONE] yawW=+5.1 pitchW=+26.9 rollW=+5.1
09-25 19:35:46.254 [PHONE] yawW=+5.0 pitchW=+26.9 rollW=+4.8
09-25 19:35:46.315 [PHONE] yawW=+4.9 pitchW=+27.0 rollW=+4.7
09-25 19:35:46.375 [PHONE] yawW=+4.8 pitchW=+27.1 rollW=+4.4
09-25 19:35:46.437 [PHONE] yawW=+4.8 pitchW=+27.0 rollW=+4.4
09-25 19:35:46.486 [MA] guide return 2
09-25 19:35:46.504 [PHONE] yawW=+4.7 pitchW=+27.1 rollW=+4.3
09-25 19:35:46.558 [PHONE] yawW=+4.6 pitchW=+27.0 rollW=+4.2
09-25 19:35:46.575 [DATA] o2=18538 o3=6509 | o2n=+3254 o3n=-3616 | pitch=-1.0 yaw=+19.3
09-25 19:35:46.576 [POSE] raw p=-1.0 y=+19.3 | lim p=+3.7 y=+19.3 | send p=-3.7 y=-19.3
09-25 19:35:46.617 [PHONE] yawW=+4.6 pitchW=+27.1 rollW=+4.1
09-25 19:35:46.678 [PHONE] yawW=+4.8 pitchW=+27.1 rollW=+4.2
09-25 19:35:46.738 [PHONE] yawW=+4.8 pitchW=+27.4 rollW=+4.1
09-25 19:35:46.799 [PHONE] yawW=+5.0 pitchW=+27.3 rollW=+4.1
09-25 19:35:46.858 [PHONE] yawW=+4.9 pitchW=+27.3 rollW=+4.1
09-25 19:35:46.919 [PHONE] yawW=+5.0 pitchW=+27.3 rollW=+4.0
09-25 19:35:46.980 [PHONE] yawW=+5.4 pitchW=+27.3 rollW=+4.1
09-25 19:35:47.039 [PHONE] yawW=+5.5 pitchW=+27.3 rollW=+4.0
09-25 19:35:47.101 [PHONE] yawW=+5.9 pitchW=+27.2 rollW=+4.0
09-25 19:35:47.158 [DATA] o2=18576 o3=6458 | o2n=+3292 o3n=-3667 | pitch=-1.1 yaw=+19.6
09-25 19:35:47.158 [POSE] raw p=-1.1 y=+19.6 | lim p=+3.7 y=+19.6 | send p=-3.7 y=-19.6
09-25 19:35:47.161 [PHONE] yawW=+6.0 pitchW=+27.3 rollW=+4.0
09-25 19:35:47.222 [PHONE] yawW=+6.2 pitchW=+27.2 rollW=+4.0
09-25 19:35:47.283 [PHONE] yawW=+6.2 pitchW=+27.1 rollW=+4.1
09-25 19:35:47.342 [PHONE] yawW=+6.5 pitchW=+27.0 rollW=+4.2
09-25 19:35:47.403 [PHONE] yawW=+6.4 pitchW=+27.0 rollW=+4.1
09-25 19:35:47.464 [PHONE] yawW=+6.5 pitchW=+27.1 rollW=+4.2
09-25 19:35:47.525 [PHONE] yawW=+6.4 pitchW=+27.0 rollW=+4.1
09-25 19:35:47.585 [PHONE] yawW=+6.7 pitchW=+26.9 rollW=+3.9
09-25 19:35:47.644 [PHONE] yawW=+6.9 pitchW=+26.7 rollW=+3.8
09-25 19:35:47.705 [PHONE] yawW=+6.5 pitchW=+26.9 rollW=+3.7
09-25 19:35:47.768 [PHONE] yawW=+6.3 pitchW=+26.8 rollW=+3.6
09-25 19:35:47.803 [DATA] o2=18303 o3=6186 | o2n=+3019 o3n=-3939 | pitch=-2.6 yaw=+19.6
09-25 19:35:47.804 [POSE] raw p=-2.6 y=+19.6 | lim p=+1.7 y=+19.6 | send p=-1.7 y=-19.6
09-25 19:35:47.827 [PHONE] yawW=+6.0 pitchW=+26.9 rollW=+3.5
09-25 19:35:47.887 [PHONE] yawW=+6.1 pitchW=+27.0 rollW=+3.4
09-25 19:35:47.947 [PHONE] yawW=+6.3 pitchW=+27.0 rollW=+3.4
09-25 19:35:48.008 [PHONE] yawW=+6.7 pitchW=+27.0 rollW=+3.5
09-25 19:35:48.068 [PHONE] yawW=+6.9 pitchW=+27.0 rollW=+3.4
09-25 19:35:48.128 [PHONE] yawW=+7.1 pitchW=+27.0 rollW=+3.5
09-25 19:35:48.189 [PHONE] yawW=+7.1 pitchW=+27.0 rollW=+3.6
09-25 19:35:48.249 [PHONE] yawW=+7.2 pitchW=+27.0 rollW=+3.7
09-25 19:35:48.310 [PHONE] yawW=+7.5 pitchW=+26.9 rollW=+3.8
09-25 19:35:48.370 [PHONE] yawW=+7.5 pitchW=+26.9 rollW=+3.9
09-25 19:35:48.389 [DATA] o2=18344 o3=6308 | o2n=+3060 o3n=-3817 | pitch=-2.1 yaw=+19.3
09-25 19:35:48.389 [POSE] raw p=-2.1 y=+19.3 | lim p=+2.3 y=+19.3 | send p=-2.3 y=-19.3
09-25 19:35:48.430 [PHONE] yawW=+7.4 pitchW=+27.0 rollW=+4.0
09-25 19:35:48.491 [PHONE] yawW=+7.0 pitchW=+27.0 rollW=+3.9
09-25 19:35:48.528 [MA] guide action 3/3
09-25 19:35:48.552 [PHONE] yawW=+7.1 pitchW=+27.0 rollW=+4.0
09-25 19:35:48.614 [PHONE] yawW=+6.9 pitchW=+27.0 rollW=+3.9
09-25 19:35:48.677 [PHONE] yawW=+6.9 pitchW=+27.1 rollW=+3.9
09-25 19:35:48.733 [PHONE] yawW=+6.8 pitchW=+27.1 rollW=+3.7
09-25 19:35:48.795 [PHONE] yawW=+6.5 pitchW=+27.3 rollW=+3.5
09-25 19:35:48.854 [PHONE] yawW=+6.4 pitchW=+27.3 rollW=+3.3
09-25 19:35:48.915 [PHONE] yawW=+6.3 pitchW=+27.3 rollW=+3.2
09-25 19:35:48.975 [PHONE] yawW=+6.4 pitchW=+27.4 rollW=+3.2
09-25 19:35:49.036 [PHONE] yawW=+6.3 pitchW=+27.4 rollW=+3.3
09-25 19:35:49.041 [DATA] o2=18076 o3=6435 | o2n=+2792 o3n=-3690 | pitch=-2.5 yaw=+18.2
09-25 19:35:49.042 [POSE] raw p=-2.5 y=+18.2 | lim p=+1.5 y=+18.2 | send p=-1.5 y=-18.2
09-25 19:35:49.096 [PHONE] yawW=+6.4 pitchW=+27.5 rollW=+3.3
09-25 19:35:49.156 [PHONE] yawW=+6.5 pitchW=+27.5 rollW=+3.4
09-25 19:35:49.217 [PHONE] yawW=+6.5 pitchW=+27.5 rollW=+3.3
09-25 19:35:49.278 [PHONE] yawW=+6.6 pitchW=+27.6 rollW=+3.4
09-25 19:35:49.338 [PHONE] yawW=+6.6 pitchW=+27.6 rollW=+3.4
09-25 19:35:49.399 [PHONE] yawW=+6.5 pitchW=+27.7 rollW=+3.4
09-25 19:35:49.461 [PHONE] yawW=+6.5 pitchW=+27.9 rollW=+3.4
09-25 19:35:49.522 [PHONE] yawW=+6.6 pitchW=+27.9 rollW=+3.3
09-25 19:35:49.581 [PHONE] yawW=+6.6 pitchW=+27.9 rollW=+3.1
09-25 19:35:49.622 [DATA] o2=18224 o3=6487 | o2n=+2940 o3n=-3638 | pitch=-2.0 yaw=+18.5
09-25 19:35:49.623 [POSE] raw p=-2.0 y=+18.5 | lim p=+2.3 y=+18.5 | send p=-2.3 y=-18.5
09-25 19:35:49.642 [PHONE] yawW=+6.6 pitchW=+28.0 rollW=+2.8
09-25 19:35:49.702 [PHONE] yawW=+6.3 pitchW=+28.1 rollW=+2.3
09-25 19:35:49.763 [PHONE] yawW=+5.8 pitchW=+28.2 rollW=+1.6
09-25 19:35:49.823 [PHONE] yawW=+5.3 pitchW=+28.4 rollW=+0.4
09-25 19:35:49.884 [PHONE] yawW=+4.3 pitchW=+28.6 rollW=-1.2
09-25 19:35:49.943 [PHONE] yawW=+3.5 pitchW=+28.8 rollW=-3.2
09-25 19:35:50.003 [PHONE] yawW=+2.7 pitchW=+29.0 rollW=-5.8
09-25 19:35:50.064 [PHONE] yawW=+2.2 pitchW=+29.2 rollW=-8.1
09-25 19:35:50.124 [PHONE] yawW=+0.4 pitchW=+29.4 rollW=-12.9
09-25 19:35:50.185 [PHONE] yawW=-1.1 pitchW=+29.8 rollW=-16.3
09-25 19:35:50.245 [PHONE] yawW=-2.3 pitchW=+29.7 rollW=-19.3
09-25 19:35:50.256 [DATA] o2=13994 o3=6611 | o2n=-1290 o3n=-3514 | pitch=-13.5 yaw=+6.3
09-25 19:35:50.257 [POSE] raw p=-13.5 y=+6.3 | lim p=-15.9 y=+6.3 | send p=+15.9 y=-6.3
09-25 19:35:50.308 [PHONE] yawW=-3.1 pitchW=+29.5 rollW=-21.6
09-25 19:35:50.367 [PHONE] yawW=-4.0 pitchW=+29.3 rollW=-23.8
09-25 19:35:50.429 [PHONE] yawW=-4.7 pitchW=+29.0 rollW=-25.8
09-25 19:35:50.488 [PHONE] yawW=-5.7 pitchW=+28.8 rollW=-27.9
09-25 19:35:50.548 [PHONE] yawW=-6.6 pitchW=+28.9 rollW=-30.2
09-25 19:35:50.609 [PHONE] yawW=-7.5 pitchW=+28.7 rollW=-32.3
09-25 19:35:50.670 [PHONE] yawW=-8.6 pitchW=+28.6 rollW=-34.4
09-25 19:35:50.730 [PHONE] yawW=-9.3 pitchW=+28.1 rollW=-36.2
09-25 19:35:50.791 [PHONE] yawW=-10.3 pitchW=+27.7 rollW=-37.7
09-25 19:35:50.852 [PHONE] yawW=-10.9 pitchW=+27.2 rollW=-38.5
09-25 19:35:50.861 [DATA] o2=9497 o3=7739 | o2n=-5787 o3n=-2386 | pitch=-23.0 yaw=-9.6
09-25 19:35:50.862 [POSE] raw p=-23.0 y=-9.6 | lim p=-27.4 y=-8.7 | send p=+27.4 y=+8.7
09-25 19:35:50.911 [PHONE] yawW=-11.5 pitchW=+27.1 rollW=-39.7
09-25 19:35:50.972 [PHONE] yawW=-11.8 pitchW=+27.4 rollW=-41.1
09-25 19:35:51.033 [PHONE] yawW=-12.3 pitchW=+27.5 rollW=-42.4
09-25 19:35:51.093 [PHONE] yawW=-12.7 pitchW=+27.2 rollW=-43.3
09-25 19:35:51.157 [PHONE] yawW=-13.6 pitchW=+26.7 rollW=-44.4
09-25 19:35:51.214 [PHONE] yawW=-14.1 pitchW=+26.5 rollW=-45.3
09-25 19:35:51.274 [PHONE] yawW=-14.8 pitchW=+26.2 rollW=-46.0
09-25 19:35:51.336 [PHONE] yawW=-15.0 pitchW=+25.9 rollW=-46.5
09-25 19:35:51.396 [PHONE] yawW=-15.4 pitchW=+26.1 rollW=-47.3
09-25 19:35:51.456 [PHONE] yawW=-15.7 pitchW=+26.1 rollW=-47.8
09-25 19:35:51.480 [DATA] o2=7667 o3=7450 | o2n=-7617 o3n=-2675 | pitch=-28.9 yaw=-13.9
09-25 19:35:51.481 [POSE] raw p=-28.9 y=-13.9 | lim p=-34.0 y=-13.9 | send p=+34.0 y=+13.9
09-25 19:35:51.516 [PHONE] yawW=-16.1 pitchW=+26.0 rollW=-47.7
09-25 19:35:51.576 [PHONE] yawW=-16.2 pitchW=+25.9 rollW=-47.5
09-25 19:35:51.637 [PHONE] yawW=-16.0 pitchW=+26.1 rollW=-47.6
09-25 19:35:51.701 [PHONE] yawW=-16.0 pitchW=+26.1 rollW=-47.6
09-25 19:35:51.758 [PHONE] yawW=-16.4 pitchW=+26.0 rollW=-47.4
09-25 19:35:51.819 [PHONE] yawW=-16.5 pitchW=+25.4 rollW=-47.4
09-25 19:35:51.880 [PHONE] yawW=-15.7 pitchW=+25.4 rollW=-47.2
09-25 19:35:51.941 [PHONE] yawW=-15.2 pitchW=+25.7 rollW=-47.2
09-25 19:35:52.000 [PHONE] yawW=-15.5 pitchW=+25.7 rollW=-47.3
09-25 19:35:52.060 [PHONE] yawW=-15.1 pitchW=+25.8 rollW=-46.8
09-25 19:35:52.096 [DATA] o2=8069 o3=7387 | o2n=-7215 o3n=-2738 | pitch=-28.0 yaw=-12.6
09-25 19:35:52.097 [POSE] raw p=-28.0 y=-12.6 | lim p=-33.1 y=-12.6 | send p=+33.1 y=+12.6
09-25 19:35:52.121 [PHONE] yawW=-15.0 pitchW=+25.7 rollW=-45.7
09-25 19:35:52.183 [PHONE] yawW=-14.7 pitchW=+25.6 rollW=-44.3
09-25 19:35:52.243 [PHONE] yawW=-13.8 pitchW=+25.4 rollW=-42.5
09-25 19:35:52.303 [PHONE] yawW=-12.6 pitchW=+25.3 rollW=-40.4
09-25 19:35:52.363 [PHONE] yawW=-10.9 pitchW=+25.3 rollW=-38.0
09-25 19:35:52.424 [PHONE] yawW=-9.8 pitchW=+25.5 rollW=-35.8
09-25 19:35:52.485 [PHONE] yawW=-8.9 pitchW=+25.6 rollW=-33.1
09-25 19:35:52.545 [PHONE] yawW=-8.2 pitchW=+25.8 rollW=-29.8
09-25 19:35:52.605 [PHONE] yawW=-6.7 pitchW=+25.8 rollW=-26.4
09-25 19:35:52.666 [PHONE] yawW=-5.3 pitchW=+26.1 rollW=-23.2
09-25 19:35:52.709 [DATA] o2=12645 o3=8122 | o2n=-2639 o3n=-2003 | pitch=-13.1 yaw=-1.8
09-25 19:35:52.710 [POSE] raw p=-13.1 y=-1.8 | lim p=-16.5 y=-1.8 | send p=+16.5 y=+1.8
09-25 19:35:52.725 [PHONE] yawW=-3.7 pitchW=+26.5 rollW=-20.3
09-25 19:35:52.788 [PHONE] yawW=-2.4 pitchW=+26.8 rollW=-17.5
09-25 19:35:52.847 [PHONE] yawW=-1.1 pitchW=+27.1 rollW=-15.4
09-25 19:35:52.908 [PHONE] yawW=-0.5 pitchW=+27.0 rollW=-14.1
09-25 19:35:52.968 [PHONE] yawW=+0.1 pitchW=+27.7 rollW=-13.2
09-25 19:35:53.028 [PHONE] yawW=+1.0 pitchW=+28.6 rollW=-12.1
09-25 19:35:53.089 [PHONE] yawW=+1.9 pitchW=+28.5 rollW=-10.9
09-25 19:35:53.149 [PHONE] yawW=+2.7 pitchW=+28.3 rollW=-8.7
09-25 19:35:53.210 [PHONE] yawW=+4.0 pitchW=+27.8 rollW=-6.4
09-25 19:35:53.271 [PHONE] yawW=+5.2 pitchW=+27.7 rollW=-4.5
09-25 19:35:53.323 [DATA] o2=17845 o3=8164 | o2n=+2561 o3n=-1961 | pitch=+1.7 yaw=+12.7
09-25 19:35:53.323 [POSE] raw p=+1.7 y=+12.7 | lim p=+5.5 y=+12.7 | send p=-5.5 y=-12.7
09-25 19:35:53.331 [PHONE] yawW=+6.5 pitchW=+28.0 rollW=-2.8
09-25 19:35:53.391 [PHONE] yawW=+7.4 pitchW=+27.8 rollW=-1.2
09-25 19:35:53.452 [PHONE] yawW=+8.1 pitchW=+27.4 rollW=+1.1
09-25 19:35:53.513 [PHONE] yawW=+8.8 pitchW=+27.8 rollW=+2.6
09-25 19:35:53.573 [PHONE] yawW=+9.3 pitchW=+28.4 rollW=+3.7
09-25 19:35:53.634 [PHONE] yawW=+9.7 pitchW=+28.6 rollW=+4.5
09-25 19:35:53.694 [PHONE] yawW=+9.7 pitchW=+28.7 rollW=+4.9
09-25 19:35:53.755 [PHONE] yawW=+9.5 pitchW=+29.0 rollW=+4.5
09-25 19:35:53.815 [PHONE] yawW=+9.1 pitchW=+29.2 rollW=+4.5
09-25 19:35:53.877 [PHONE] yawW=+8.7 pitchW=+28.5 rollW=+5.0
09-25 19:35:53.936 [PHONE] yawW=+8.6 pitchW=+28.0 rollW=+5.2
09-25 19:35:53.950 [DATA] o2=19713 o3=7541 | o2n=+4429 o3n=-2584 | pitch=+5.2 yaw=+19.7
09-25 19:35:53.951 [POSE] raw p=+5.2 y=+19.7 | lim p=+11.9 y=+19.7 | send p=-11.9 y=-19.7
09-25 19:35:53.998 [PHONE] yawW=+8.5 pitchW=+27.9 rollW=+5.3
09-25 19:35:54.056 [PHONE] yawW=+8.8 pitchW=+27.9 rollW=+5.3
09-25 19:35:54.117 [PHONE] yawW=+8.9 pitchW=+27.8 rollW=+5.2
09-25 19:35:54.178 [PHONE] yawW=+9.1 pitchW=+27.8 rollW=+5.0
09-25 19:35:54.237 [PHONE] yawW=+9.1 pitchW=+27.7 rollW=+4.9
09-25 19:35:54.299 [PHONE] yawW=+9.3 pitchW=+27.5 rollW=+5.5
09-25 19:35:54.360 [PHONE] yawW=+9.6 pitchW=+27.5 rollW=+5.8
09-25 19:35:54.420 [PHONE] yawW=+9.7 pitchW=+27.4 rollW=+6.1
09-25 19:35:54.480 [PHONE] yawW=+10.3 pitchW=+27.2 rollW=+6.9
09-25 19:35:54.540 [PHONE] yawW=+10.2 pitchW=+26.9 rollW=+7.7
09-25 19:35:54.567 [DATA] o2=20097 o3=7554 | o2n=+4813 o3n=-2571 | pitch=+6.3 yaw=+20.8
09-25 19:35:54.567 [POSE] raw p=+6.3 y=+20.8 | lim p=+13.6 y=+20.8 | send p=-13.6 y=-20.8
09-25 19:35:54.601 [PHONE] yawW=+10.5 pitchW=+26.6 rollW=+8.7
09-25 19:35:54.663 [PHONE] yawW=+10.9 pitchW=+26.3 rollW=+9.8
09-25 19:35:54.724 [PHONE] yawW=+11.6 pitchW=+26.2 rollW=+11.3
09-25 19:35:54.783 [PHONE] yawW=+12.5 pitchW=+26.1 rollW=+12.8
09-25 19:35:54.842 [PHONE] yawW=+13.5 pitchW=+25.7 rollW=+14.4
09-25 19:35:54.905 [PHONE] yawW=+14.7 pitchW=+25.0 rollW=+16.6
09-25 19:35:54.965 [PHONE] yawW=+16.5 pitchW=+24.3 rollW=+19.2
09-25 19:35:55.025 [PHONE] yawW=+17.7 pitchW=+24.0 rollW=+22.6
09-25 19:35:55.085 [PHONE] yawW=+19.6 pitchW=+23.6 rollW=+26.3
09-25 19:35:55.145 [PHONE] yawW=+21.2 pitchW=+23.2 rollW=+29.9
09-25 19:35:55.181 [DATA] o2=24192 o3=5946 | o2n=+8908 o3n=-4179 | pitch=+13.3 yaw=+36.8
09-25 19:35:55.181 [POSE] raw p=+13.3 y=+36.8 | lim p=+26.9 y=+35.8 | send p=-26.9 y=-35.8
09-25 19:35:55.205 [PHONE] yawW=+22.6 pitchW=+22.8 rollW=+32.8
09-25 19:35:55.267 [PHONE] yawW=+23.8 pitchW=+22.4 rollW=+35.1
09-25 19:35:55.327 [PHONE] yawW=+25.0 pitchW=+21.9 rollW=+37.2
09-25 19:35:55.392 [PHONE] yawW=+25.9 pitchW=+21.2 rollW=+39.0
09-25 19:35:55.448 [PHONE] yawW=+26.7 pitchW=+20.6 rollW=+40.9
09-25 19:35:55.510 [PHONE] yawW=+26.9 pitchW=+19.8 rollW=+42.8
09-25 19:35:55.569 [PHONE] yawW=+26.9 pitchW=+18.6 rollW=+44.4
09-25 19:35:55.629 [PHONE] yawW=+26.6 pitchW=+16.9 rollW=+45.7
09-25 19:35:55.690 [PHONE] yawW=+26.5 pitchW=+14.9 rollW=+46.8
09-25 19:35:55.751 [PHONE] yawW=+26.6 pitchW=+12.9 rollW=+48.1
09-25 19:35:55.800 [DATA] o2=25697 o3=4868 | o2n=+10413 o3n=-5257 | pitch=+14.5 yaw=+44.1
09-25 19:35:55.801 [POSE] raw p=+14.5 y=+44.1 | lim p=+30.3 y=+44.1 | send p=-30.3 y=-44.1
09-25 19:35:55.811 [PHONE] yawW=+26.5 pitchW=+11.0 rollW=+49.4
09-25 19:35:55.872 [PHONE] yawW=+26.5 pitchW=+9.3 rollW=+50.8
09-25 19:35:55.932 [PHONE] yawW=+26.5 pitchW=+8.1 rollW=+52.0
09-25 19:35:55.994 [PHONE] yawW=+25.8 pitchW=+6.7 rollW=+53.4
09-25 19:35:56.053 [PHONE] yawW=+26.1 pitchW=+6.0 rollW=+55.5
09-25 19:35:56.114 [PHONE] yawW=+26.3 pitchW=+4.6 rollW=+56.6
09-25 19:35:56.174 [PHONE] yawW=+26.2 pitchW=+4.1 rollW=+57.8
09-25 19:35:56.234 [PHONE] yawW=+25.9 pitchW=+3.8 rollW=+59.0
09-25 19:35:56.295 [PHONE] yawW=+26.0 pitchW=+4.8 rollW=+60.7
09-25 19:35:56.357 [PHONE] yawW=+25.8 pitchW=+4.4 rollW=+61.7
09-25 19:35:56.410 [DATA] o2=24322 o3=4993 | o2n=+9038 o3n=-5132 | pitch=+11.0 yaw=+39.9
09-25 19:35:56.411 [POSE] raw p=+11.0 y=+39.9 | lim p=+24.6 y=+39.9 | send p=-24.6 y=-39.9
09-25 19:35:56.415 [PHONE] yawW=+24.8 pitchW=+3.6 rollW=+62.1
09-25 19:35:56.476 [PHONE] yawW=+24.4 pitchW=+3.1 rollW=+62.5
09-25 19:35:56.537 [PHONE] yawW=+24.5 pitchW=+3.0 rollW=+63.0
09-25 19:35:56.597 [PHONE] yawW=+25.0 pitchW=+3.1 rollW=+63.2
09-25 19:35:56.657 [PHONE] yawW=+25.3 pitchW=+3.4 rollW=+62.7
09-25 19:35:56.718 [PHONE] yawW=+25.6 pitchW=+4.5 rollW=+62.3
09-25 19:35:56.778 [PHONE] yawW=+25.6 pitchW=+5.6 rollW=+61.6
09-25 19:35:56.841 [PHONE] yawW=+25.5 pitchW=+6.7 rollW=+61.0
09-25 19:35:56.900 [PHONE] yawW=+25.9 pitchW=+8.7 rollW=+59.2
09-25 19:35:56.981 [PHONE] yawW=+26.1 pitchW=+10.6 rollW=+56.9
09-25 19:35:57.029 [DATA] o2=24198 o3=4898 | o2n=+8914 o3n=-5227 | pitch=+10.4 yaw=+39.8
09-25 19:35:57.029 [POSE] raw p=+10.4 y=+39.8 | lim p=+23.8 y=+39.8 | send p=-23.8 y=-39.8
09-25 19:35:57.040 [PHONE] yawW=+25.6 pitchW=+13.8 rollW=+53.8
09-25 19:35:57.101 [PHONE] yawW=+25.0 pitchW=+16.0 rollW=+51.4
09-25 19:35:57.162 [PHONE] yawW=+24.6 pitchW=+17.8 rollW=+48.5
09-25 19:35:57.222 [PHONE] yawW=+24.1 pitchW=+19.5 rollW=+45.4
09-25 19:35:57.284 [PHONE] yawW=+23.8 pitchW=+20.9 rollW=+41.4
09-25 19:35:57.343 [PHONE] yawW=+22.9 pitchW=+22.6 rollW=+37.0
09-25 19:35:57.404 [PHONE] yawW=+21.5 pitchW=+24.6 rollW=+32.5
09-25 19:35:57.466 [PHONE] yawW=+20.1 pitchW=+26.3 rollW=+27.8
09-25 19:35:57.526 [PHONE] yawW=+18.3 pitchW=+27.5 rollW=+23.4
09-25 19:35:57.587 [PHONE] yawW=+15.7 pitchW=+28.1 rollW=+18.8
09-25 19:35:57.641 [DATA] o2=20149 o3=6469 | o2n=+4865 o3n=-3656 | pitch=+3.4 yaw=+24.0
09-25 19:35:57.642 [POSE] raw p=+3.4 y=+24.0 | lim p=+10.7 y=+24.8 | send p=-10.7 y=-24.8
09-25 19:35:57.645 [PHONE] yawW=+12.1 pitchW=+28.8 rollW=+13.3
09-25 19:35:57.706 [PHONE] yawW=+10.1 pitchW=+30.7 rollW=+9.9
09-25 19:35:57.767 [PHONE] yawW=+9.0 pitchW=+31.6 rollW=+7.7
09-25 19:35:57.828 [PHONE] yawW=+8.0 pitchW=+31.0 rollW=+6.2
09-25 19:35:57.888 [PHONE] yawW=+8.2 pitchW=+31.0 rollW=+5.3
09-25 19:35:57.949 [PHONE] yawW=+8.1 pitchW=+31.0 rollW=+5.3
09-25 19:35:58.009 [PHONE] yawW=+8.6 pitchW=+30.7 rollW=+5.6
09-25 19:35:58.070 [PHONE] yawW=+8.5 pitchW=+30.4 rollW=+5.8
09-25 19:35:58.130 [PHONE] yawW=+8.1 pitchW=+30.0 rollW=+5.8
09-25 19:35:58.190 [PHONE] yawW=+7.5 pitchW=+30.1 rollW=+5.4
09-25 19:35:58.255 [PHONE] yawW=+6.5 pitchW=+30.1 rollW=+4.6
09-25 19:35:58.268 [DATA] o2=18710 o3=7065 | o2n=+3426 o3n=-3060 | pitch=+1.0 yaw=+18.2
09-25 19:35:58.268 [POSE] raw p=+1.0 y=+18.2 | lim p=+6.1 y=+18.2 | send p=-6.1 y=-18.2
09-25 19:35:58.311 [PHONE] yawW=+6.0 pitchW=+29.6 rollW=+4.5
09-25 19:35:58.372 [PHONE] yawW=+6.1 pitchW=+29.6 rollW=+4.3
09-25 19:35:58.432 [PHONE] yawW=+6.1 pitchW=+29.2 rollW=+4.1
09-25 19:35:58.492 [PHONE] yawW=+6.5 pitchW=+28.7 rollW=+4.2
09-25 19:35:58.554 [PHONE] yawW=+6.3 pitchW=+28.6 rollW=+3.9
09-25 19:35:58.615 [PHONE] yawW=+5.7 pitchW=+28.6 rollW=+3.5
09-25 19:35:58.677 [PHONE] yawW=+5.2 pitchW=+28.4 rollW=+3.2
09-25 19:35:58.734 [PHONE] yawW=+5.3 pitchW=+28.1 rollW=+3.5
09-25 19:35:58.796 [PHONE] yawW=+6.3 pitchW=+27.5 rollW=+4.2
09-25 19:35:58.856 [PHONE] yawW=+6.3 pitchW=+26.5 rollW=+3.7
09-25 19:35:58.878 [DATA] o2=19072 o3=6741 | o2n=+3788 o3n=-3384 | pitch=+1.1 yaw=+20.2
09-25 19:35:58.878 [POSE] raw p=+1.1 y=+20.2 | lim p=+6.7 y=+20.2 | send p=-6.7 y=-20.2
09-25 19:35:58.920 [PHONE] yawW=+7.0 pitchW=+26.4 rollW=+3.4
09-25 19:35:58.977 [PHONE] yawW=+7.0 pitchW=+27.0 rollW=+3.2
09-25 19:35:59.037 [PHONE] yawW=+7.6 pitchW=+27.2 rollW=+3.4
09-25 19:35:59.097 [PHONE] yawW=+7.6 pitchW=+27.4 rollW=+3.7
09-25 19:35:59.158 [PHONE] yawW=+7.1 pitchW=+27.3 rollW=+3.5
09-25 19:35:59.218 [PHONE] yawW=+6.7 pitchW=+27.5 rollW=+3.6
09-25 19:35:59.279 [PHONE] yawW=+6.9 pitchW=+27.8 rollW=+3.6
09-25 19:35:59.339 [PHONE] yawW=+7.2 pitchW=+27.4 rollW=+4.0
09-25 19:35:59.400 [PHONE] yawW=+7.5 pitchW=+27.6 rollW=+4.2
09-25 19:35:59.462 [PHONE] yawW=+7.3 pitchW=+27.4 rollW=+4.6
09-25 19:35:59.504 [DATA] o2=19019 o3=6965 | o2n=+3735 o3n=-3160 | pitch=+1.6 yaw=+19.4
09-25 19:35:59.504 [POSE] raw p=+1.6 y=+19.4 | lim p=+7.1 y=+19.4 | send p=-7.1 y=-19.4
09-25 19:35:59.520 [PHONE] yawW=+7.1 pitchW=+27.5 rollW=+4.7
09-25 19:35:59.581 [PHONE] yawW=+7.2 pitchW=+27.6 rollW=+5.0
09-25 19:35:59.642 [PHONE] yawW=+6.9 pitchW=+27.5 rollW=+5.0
09-25 19:35:59.704 [PHONE] yawW=+6.8 pitchW=+27.6 rollW=+5.2
09-25 19:35:59.763 [PHONE] yawW=+6.7 pitchW=+27.7 rollW=+5.1
09-25 19:35:59.823 [PHONE] yawW=+6.7 pitchW=+27.5 rollW=+5.1
09-25 19:35:59.883 [PHONE] yawW=+6.7 pitchW=+27.6 rollW=+4.9
09-25 19:35:59.948 [PHONE] yawW=+6.5 pitchW=+27.7 rollW=+4.9
09-25 19:36:00.005 [PHONE] yawW=+6.3 pitchW=+27.8 rollW=+4.5
09-25 19:36:00.065 [PHONE] yawW=+6.2 pitchW=+27.5 rollW=+4.4
09-25 19:36:00.103 [DATA] o2=19033 o3=6736 | o2n=+3749 o3n=-3389 | pitch=+1.0 yaw=+20.1
09-25 19:36:00.103 [POSE] raw p=+1.0 y=+20.1 | lim p=+6.5 y=+20.1 | send p=-6.5 y=-20.1
09-25 19:36:00.125 [PHONE] yawW=+6.0 pitchW=+27.5 rollW=+4.5
09-25 19:36:00.185 [PHONE] yawW=+5.9 pitchW=+27.6 rollW=+4.4
09-25 19:36:00.246 [PHONE] yawW=+5.9 pitchW=+27.7 rollW=+4.2
09-25 19:36:00.307 [PHONE] yawW=+5.7 pitchW=+27.8 rollW=+4.2
09-25 19:36:00.367 [PHONE] yawW=+5.5 pitchW=+27.6 rollW=+4.4
09-25 19:36:00.429 [PHONE] yawW=+5.1 pitchW=+27.4 rollW=+4.4
09-25 19:36:00.489 [PHONE] yawW=+4.9 pitchW=+27.3 rollW=+4.0
09-25 19:36:00.549 [PHONE] yawW=+4.7 pitchW=+27.4 rollW=+3.6
09-25 19:36:00.594 [MA] guide: done
09-25 19:36:00.622 [PHONE] yawW=+4.6 pitchW=+27.6 rollW=+3.5
09-25 19:36:00.693 [PHONE] yawW=+4.2 pitchW=+27.7 rollW=+3.2
09-25 19:36:00.732 [DATA] o2=18868 o3=6378 | o2n=+3584 o3n=-3747 | pitch=-0.5 yaw=+20.6
09-25 19:36:00.733 [POSE] raw p=-0.5 y=+20.6 | lim p=+4.8 y=+20.6 | send p=-4.8 y=-20.6
09-25 19:36:00.751 [PHONE] yawW=+4.1 pitchW=+27.8 rollW=+3.2
09-25 19:36:00.811 [PHONE] yawW=+3.7 pitchW=+27.5 rollW=+3.5
09-25 19:36:00.873 [PHONE] yawW=+3.5 pitchW=+27.3 rollW=+3.8
09-25 19:36:00.933 [PHONE] yawW=+3.2 pitchW=+26.9 rollW=+4.1
09-25 19:36:00.994 [PHONE] yawW=+2.8 pitchW=+26.7 rollW=+4.1
09-25 19:36:01.053 [PHONE] yawW=+1.2 pitchW=+26.4 rollW=+3.9
09-25 19:36:01.115 [PHONE] yawW=-1.0 pitchW=+25.8 rollW=+4.3
09-25 19:36:01.195 [PHONE] yawW=-3.6 pitchW=+25.6 rollW=+4.6
09-25 19:36:01.254 [PHONE] yawW=-6.3 pitchW=+24.8 rollW=+5.7
09-25 19:36:01.315 [PHONE] yawW=-8.7 pitchW=+24.7 rollW=+6.0
09-25 19:36:01.356 [DATA] o2=17516 o3=4495 | o2n=+2232 o3n=-5630 | pitch=-9.6 yaw=+22.1
09-25 19:36:01.357 [POSE] raw p=-9.6 y=+22.1 | lim p=-6.7 y=+22.1 | send p=+6.7 y=-22.1
09-25 19:36:01.375 [PHONE] yawW=-10.8 pitchW=+24.7 rollW=+6.3
09-25 19:36:01.436 [PHONE] yawW=-13.2 pitchW=+24.2 rollW=+6.7
09-25 19:36:01.497 [PHONE] yawW=-15.7 pitchW=+23.9 rollW=+6.1
09-25 19:36:01.557 [PHONE] yawW=-18.6 pitchW=+23.3 rollW=+5.9
09-25 19:36:01.620 [PHONE] yawW=-21.1 pitchW=+23.3 rollW=+5.9
09-25 19:36:01.648 [PHONE] sensor stop
09-25 19:36:01.951 [DATA] o2=11582 o3=-2135 | o2n=-3702 o3n=-12260 | pitch=-44.9 yaw=+24.1
09-25 19:36:01.952 [POSE] raw p=-44.9 y=+24.1 | lim p=-52.1 y=+24.1 | send p=+52.1 y=-24.1
09-25 19:36:02.577 [DATA] o2=9570 o3=-6269 | o2n=-5714 o3n=-16394 | pitch=-62.2 yaw=+30.0
09-25 19:36:02.578 [POSE] raw p=-62.2 y=+30.0 | lim p=-73.0 y=+30.0 | send p=+73.0 y=-30.0
09-25 19:36:03.192 [DATA] o2=12747 o3=-3685 | o2n=-2537 o3n=-13810 | pitch=-46.0 yaw=+31.7
09-25 19:36:03.193 [POSE] raw p=-46.0 y=+31.7 | lim p=-51.5 y=+31.7 | send p=+51.5 y=-31.7
09-25 19:36:03.821 [DATA] o2=12359 o3=-3724 | o2n=-2925 o3n=-13849 | pitch=-47.2 yaw=+30.7
09-25 19:36:03.822 [POSE] raw p=-47.2 y=+30.7 | lim p=-53.3 y=+30.7 | send p=+53.3 y=-30.7
09-25 19:36:04.422 [DATA] o2=8254 o3=-6667 | o2n=-7030 o3n=-16792 | pitch=-67.0 yaw=+27.5
09-25 19:36:04.423 [POSE] raw p=-67.0 y=+27.5 | lim p=-80.0 y=+27.5 | send p=+80.0 y=-27.5
09-25 19:36:05.038 [DATA] o2=6259 o3=-8232 | o2n=-9025 o3n=-18357 | pitch=-77.0 yaw=+26.2
09-25 19:36:05.039 [POSE] raw p=-77.0 y=+26.2 | lim p=-86.2 y=+26.2 | send p=+86.2 y=-26.2
09-25 19:36:05.652 [DATA] o2=6228 o3=-8155 | o2n=-9056 o3n=-18280 | pitch=-76.9 yaw=+25.9
09-25 19:36:05.652 [POSE] raw p=-76.9 y=+25.9 | lim p=-86.2 y=+25.9 | send p=+86.2 y=-25.9
09-25 19:36:06.269 [DATA] o2=5999 o3=-7956 | o2n=-9285 o3n=-18081 | pitch=-77.0 yaw=+24.7
09-25 19:36:06.270 [POSE] raw p=-77.0 y=+24.7 | lim p=-86.3 y=+24.7 | send p=+86.3 y=-24.7
09-25 19:36:06.884 [DATA] o2=5602 o3=-7756 | o2n=-9682 o3n=-17881 | pitch=-77.5 yaw=+23.1
09-25 19:36:06.884 [POSE] raw p=-77.5 y=+23.1 | lim p=-86.5 y=+23.1 | send p=+86.5 y=-23.1
09-25 19:36:07.499 [DATA] o2=6031 o3=-8044 | o2n=-9253 o3n=-18169 | pitch=-77.1 yaw=+25.1
09-25 19:36:07.499 [POSE] raw p=-77.1 y=+25.1 | lim p=-86.3 y=+25.1 | send p=+86.3 y=-25.1
09-25 19:36:08.119 [DATA] o2=5817 o3=-7809 | o2n=-9467 o3n=-17934 | pitch=-77.1 yaw=+23.8
09-25 19:36:08.119 [POSE] raw p=-77.1 y=+23.8 | lim p=-86.3 y=+23.8 | send p=+86.3 y=-23.8
09-25 19:36:08.740 [DATA] o2=5534 o3=-7524 | o2n=-9750 o3n=-17649 | pitch=-77.1 yaw=+22.2
09-25 19:36:08.741 [POSE] raw p=-77.1 y=+22.2 | lim p=-86.4 y=+22.2 | send p=+86.4 y=-22.2
09-25 19:36:09.344 [DATA] o2=5079 o3=-7720 | o2n=-10205 o3n=-17845 | pitch=-78.9 yaw=+21.5
09-25 19:36:09.345 [POSE] raw p=-78.9 y=+21.5 | lim p=-86.8 y=+21.5 | send p=+86.8 y=-21.5
09-25 19:36:09.970 [DATA] o2=5065 o3=-7806 | o2n=-10219 o3n=-17931 | pitch=-79.2 yaw=+21.7
09-25 19:36:09.971 [POSE] raw p=-79.2 y=+21.7 | lim p=-86.8 y=+21.7 | send p=+86.8 y=-21.7
09-25 19:36:10.589 [DATA] o2=5272 o3=-7797 | o2n=-10012 o3n=-17922 | pitch=-78.6 yaw=+22.2
09-25 19:36:10.589 [POSE] raw p=-78.6 y=+22.2 | lim p=-86.7 y=+22.2 | send p=+86.7 y=-22.2
09-25 19:36:11.213 [DATA] o2=5837 o3=-7476 | o2n=-9447 o3n=-17601 | pitch=-76.1 yaw=+22.9
09-25 19:36:11.213 [POSE] raw p=-76.1 y=+22.9 | lim p=-86.2 y=+22.9 | send p=+86.2 y=-22.9
09-25 19:36:11.829 [DATA] o2=5724 o3=-7423 | o2n=-9560 o3n=-17548 | pitch=-76.2 yaw=+22.5
09-25 19:36:11.830 [POSE] raw p=-76.2 y=+22.5 | lim p=-86.2 y=+22.5 | send p=+86.2 y=-22.5
09-25 19:36:12.432 [DATA] o2=5686 o3=-6997 | o2n=-9598 o3n=-17122 | pitch=-75.2 yaw=+21.2
09-25 19:36:12.433 [POSE] raw p=-75.2 y=+21.2 | lim p=-86.1 y=+21.2 | send p=+86.1 y=-21.2
09-25 19:36:13.060 [DATA] o2=5857 o3=-6994 | o2n=-9427 o3n=-17119 | pitch=-74.7 yaw=+21.6
09-25 19:36:13.060 [POSE] raw p=-74.7 y=+21.6 | lim p=-86.0 y=+21.6 | send p=+86.0 y=-21.6
09-25 19:36:13.653 [DATA] o2=5845 o3=-6862 | o2n=-9439 o3n=-16987 | pitch=-74.3 yaw=+21.2
09-25 19:36:13.655 [POSE] raw p=-74.3 y=+21.2 | lim p=-85.9 y=+21.2 | send p=+85.9 y=-21.2
09-25 19:36:14.289 [DATA] o2=5853 o3=-6937 | o2n=-9431 o3n=-17062 | pitch=-74.5 yaw=+21.5
09-25 19:36:14.290 [POSE] raw p=-74.5 y=+21.5 | lim p=-85.9 y=+21.5 | send p=+85.9 y=-21.5
09-25 19:36:14.897 [DATA] o2=5536 o3=-6908 | o2n=-9748 o3n=-17033 | pitch=-75.3 yaw=+20.5
09-25 19:36:14.898 [POSE] raw p=-75.3 y=+20.5 | lim p=-86.1 y=+20.5 | send p=+86.1 y=-20.5
09-25 19:36:15.520 [DATA] o2=5616 o3=-6920 | o2n=-9668 o3n=-17045 | pitch=-75.1 yaw=+20.7
09-25 19:36:15.521 [POSE] raw p=-75.1 y=+20.7 | lim p=-86.1 y=+20.7 | send p=+86.1 y=-20.7
09-25 19:36:16.117 [DATA] o2=5493 o3=-6960 | o2n=-9791 o3n=-17085 | pitch=-75.6 yaw=+20.5
09-25 19:36:16.117 [POSE] raw p=-75.6 y=+20.5 | lim p=-86.2 y=+20.5 | send p=+86.2 y=-20.5
09-25 19:36:16.741 [DATA] o2=5416 o3=-7005 | o2n=-9868 o3n=-17130 | pitch=-75.9 yaw=+20.4
09-25 19:36:16.742 [POSE] raw p=-75.9 y=+20.4 | lim p=-86.3 y=+20.4 | send p=+86.3 y=-20.4
09-25 19:36:17.379 [DATA] o2=5397 o3=-7134 | o2n=-9887 o3n=-17259 | pitch=-76.3 yaw=+20.7
09-25 19:36:17.380 [POSE] raw p=-76.3 y=+20.7 | lim p=-86.3 y=+20.7 | send p=+86.3 y=-20.7
09-25 19:36:17.986 [DATA] o2=5366 o3=-7121 | o2n=-9918 o3n=-17246 | pitch=-76.4 yaw=+20.6
09-25 19:36:17.987 [POSE] raw p=-76.4 y=+20.6 | lim p=-86.3 y=+20.6 | send p=+86.3 y=-20.6
09-25 19:36:18.600 [DATA] o2=5399 o3=-7200 | o2n=-9885 o3n=-17325 | pitch=-76.5 yaw=+20.9
09-25 19:36:18.600 [POSE] raw p=-76.5 y=+20.9 | lim p=-86.4 y=+20.9 | send p=+86.4 y=-20.9
09-25 19:36:19.228 [DATA] o2=5196 o3=-7144 | o2n=-10088 o3n=-17269 | pitch=-76.9 yaw=+20.2
09-25 19:36:19.228 [POSE] raw p=-76.9 y=+20.2 | lim p=-86.5 y=+20.2 | send p=+86.5 y=-20.2
09-25 19:36:19.809 [DATA] o2=5126 o3=-7072 | o2n=-10158 o3n=-17197 | pitch=-76.9 yaw=+19.8
09-25 19:36:19.810 [POSE] raw p=-76.9 y=+19.8 | lim p=-86.5 y=+19.8 | send p=+86.5 y=-19.8
